Url,Facilities
https://www.booking.com/hotel/vn/happy-family-guesthouse.vi.html,"{'best_facilities': ['Phòng không hút thuốc', '2 hồ bơi', 'Phòng gia đình', 'Nhà hàng', 'Bữa sáng', 'Chỗ đỗ xe miễn phí', 'Dịch vụ phòng', 'WiFi miễn phí', 'Xe đưa đón sân bay'], 'all_facilities': {'Phòng tắm': ['Khăn tắm', 'Giấy vệ sinh'], 'Phòng ngủ': ['Ra trải giường'], 'Tầm nhìn': ['Nhìn ra hồ bơi', 'Nhìn ra vườn', 'Tầm nhìn ra khung cảnh'], 'Ngoài trời': ['Bàn ghế ngoài trời', 'Ban công', 'Tiện nghi BBQ - Phụ phí', 'Sân trong', 'Sân hiên phơi nắng', 'Sân thượng / hiên', 'Sân vườn'], 'Nhà bếp': ['Bếp chung'], 'Tiện ích trong phòng': ['Giá treo quần áo'], 'Vật nuôi': ['Vật nuôi được phép theo yêu cầu của khách. Không tính thêm phí.'], 'Hoạt động': ['Nhân viên Giải trí', 'Phi tiêu', 'Đi bộ đường dài Ngoài khuôn viên', 'Tour đi xe đạp - Phụ phí', 'Sân chơi trẻ em', 'Thiết bị dành cho cầu lông', 'Câu cá - Phụ phí', 'Bida', 'Cho thuê xe đạp - Phụ phí', 'Xe đạp Ngoài khuôn viên'], 'Đồ ăn & thức uống': ['Nhà hàng', 'Quán cà phê (trong khuôn viên)', 'Thực đơn ăn kiêng đặc biệt (theo yêu cầu)', 'Bữa ăn tự chọn phù hợp với trẻ em', 'Rượu vang/sâm panh - Phụ phí'], 'Internet': ['Wi-fi có ở toàn bộ khách sạn và miễn phí.'], 'Chỗ đậu xe': ['Nhà để xe'], 'Dịch vụ lễ tân': ['Lễ tân 24 giờ'], 'Dịch vụ giải trí và gia đình': ['Dịch vụ trông giữ trẻ em - Phụ phí', 'Trò chơi Board games/giải đố', 'Thiết bị vui chơi ngoài trời cho trẻ em'], 'Dịch vụ lau dọn': ['Dịch vụ là (ủi) - Phụ phí', 'Giặt ủi - Phụ phí'], 'An ninh': ['Bình chữa cháy', 'Ổ khóa'], 'Tổng quát': ['Điều hòa nhiệt độ', 'Phòng không hút thuốc', 'Màn chống muỗi', 'Dịch vụ đưa đón - Phụ phí', 'Phòng gia đình', 'Dịch vụ báo thức', 'Khu vực cho phép hút thuốc', 'Cho thuê xe hơi', 'Khu vực xem TV/sảnh chung', 'Dịch vụ phòng', 'Sàn lát gạch/đá cẩm thạch', 'Dịch vụ báo thức', 'Xe đưa đón sân bay - Phụ phí', 'Lối vào riêng'], 'Lối vào dành cho người khuyết tật': ['Các tầng trên chỉ lên được bằng cầu thang'], '2 hồ bơi': ['Mở cửa quanh năm', 'Chỗ cạn', 'Ghế/ghế dài tắm nắng', 'Khăn hồ bơi/bãi biển', 'Dành cho mọi độ tuổi'], 'Chăm sóc sức khỏe': ['Mát-xa đầu', 'Mát-xa lưng', 'Phòng gym', 'Phòng xông hơi - Phụ phí', 'Mát-xa chân', 'Mát-xa tay', 'Mát-xa cổ', 'Ghế/ghế dài tắm nắng', 'Phòng tắm chung', 'Ô (dù) che nắng loại to', 'Hồ bơi trẻ em', 'Mát-xa toàn thân', 'Massage - Phụ phí'], 'Ngôn ngữ được sử dụng': ['Tiếng Anh', 'Tiếng Phần Lan', 'Tiếng Việt']}}"
https://www.booking.com/hotel/vn/phuong-thao-homestay.vi.html,"{'best_facilities': ['Phòng không hút thuốc', 'Phòng gia đình', 'Nhà hàng', 'Bữa sáng', 'Chỗ đỗ xe miễn phí', 'WiFi miễn phí', 'Xe đưa đón sân bay'], 'all_facilities': {'Phòng tắm': ['Khăn tắm'], 'Phòng ngủ': ['Ra trải giường'], 'Tầm nhìn': ['Nhìn ra vườn'], 'Ngoài trời': ['Sân thượng / hiên', 'Sân vườn'], 'Hoạt động': ['Xe đạp', 'Cho thuê xe đạp', 'Ca-nô - Phụ phí', 'Câu cá - Phụ phí'], 'Đồ ăn & thức uống': ['Nhà hàng', 'Bữa sáng tại phòng', 'Bữa ăn trẻ em - Phụ phí', 'Thực đơn ăn kiêng đặc biệt (theo yêu cầu)', 'Rượu vang/sâm panh - Phụ phí'], 'Internet': ['Wi-fi có ở toàn bộ khách sạn và miễn phí.'], 'Chỗ đậu xe': ['Có chỗ đỗ xe riêng miễn phí tại chỗ (cần đặt chỗ trước).'], 'Phương tiện đi lại': ['Vé đi phương tiện công cộng - Phụ phí'], 'Dịch vụ': ['Dịch vụ là (ủi) - Phụ phí', 'Dịch vụ trợ giúp đặc biệt', 'Cho thuê xe hơi', 'Dịch vụ đưa đón', 'Xe đưa đón sân bay - Phụ phí', 'Lễ tân 24 giờ', 'Bàn bán tour', 'Giặt ủi - Phụ phí'], 'Dịch vụ lễ tân': ['Có xuất hóa đơn'], 'Tổng quát': ['Phòng không hút thuốc', 'Phòng gia đình'], 'Ngôn ngữ được sử dụng': ['Tiếng Anh', 'Tiếng Việt']}}"
https://www.booking.com/hotel/vn/ngoc-phuong-homestay.vi.html,"{'best_facilities': ['Phòng không hút thuốc', 'Phòng gia đình', 'Bữa sáng', 'WiFi miễn phí', 'Xe đưa đón sân bay'], 'all_facilities': {'Phòng tắm': ['Giấy vệ sinh', 'Máy sấy tóc', 'Toilet phụ', 'Dép', 'Khăn tắm', 'Bồn tắm hoặc Vòi sen', 'Vòi sen', 'Đồ vệ sinh cá nhân miễn phí'], 'Phòng ngủ': ['Ra trải giường', 'Giường cực dài (> 2 mét)', 'Tủ hoặc phòng để quần áo'], 'Tầm nhìn': ['Nhìn ra vườn', 'Hướng nhìn sân trong', 'Tầm nhìn ra khung cảnh'], 'Ngoài trời': ['Bàn ghế ngoài trời', 'Sân vườn'], 'Nhà bếp': ['Bếp chung'], 'Tiện ích trong phòng': ['Ổ điện gần giường', 'Giá phơi quần áo', 'Giá treo quần áo'], 'Vật nuôi': ['Vật nuôi được phép. Không tính thêm phí.'], 'Hoạt động': ['Giải trí buổi tối', 'Xe đạp', 'Tour đi bộ', 'Lớp dạy nấu ăn', 'Tour đi xe đạp', 'Cho thuê xe đạp - Phụ phí', 'Đi bộ đường dài', 'Câu cá'], 'Khu vực phòng khách': ['Khu vực tiếp khách', 'Bàn làm việc'], 'Đồ ăn & thức uống': ['Bữa ăn trẻ em', 'Bữa sáng tại phòng', 'Trái cây', 'Quán cà phê (trong khuôn viên)', 'Bữa ăn tự chọn phù hợp với trẻ em'], 'Internet': ['Wi-fi có ở toàn bộ khách sạn và miễn phí.'], 'Chỗ đậu xe': ['Không có chỗ đỗ xe.'], 'Dịch vụ lễ tân': ['Tủ khóa', 'Dịch vụ trợ giúp đặc biệt', 'Bàn bán tour', 'Giữ hành lí', 'Lễ tân 24 giờ'], 'Dịch vụ giải trí và gia đình': ['Thiết bị vui chơi ngoài trời cho trẻ em', 'Khu vui chơi trong nhà', 'Cửa an toàn cho trẻ nhỏ'], 'Dịch vụ lau dọn': ['Dịch vụ là (ủi)', 'Giặt ủi'], 'An ninh': ['Bình chữa cháy', 'Ổ khóa', 'Báo động an ninh', 'Bảo vệ 24/7'], 'Tổng quát': ['Phòng không hút thuốc', 'Màn chống muỗi', 'Dịch vụ đưa đón - Phụ phí', 'Phòng gia đình', 'Khu vực cho phép hút thuốc', 'Cho thuê xe hơi', 'Khu vực xem TV/sảnh chung', 'Sàn lát gạch/đá cẩm thạch', 'Xe đưa đón sân bay - Phụ phí', 'Lối vào riêng', 'Sàn trải thảm', 'Quạt máy'], 'Chăm sóc sức khỏe': ['Phòng tắm chung'], 'Ngôn ngữ được sử dụng': ['Tiếng Anh', 'Tiếng Việt']}}"
https://www.booking.com/hotel/vn/song-me-home-vinh-long.vi.html,"{'best_facilities': ['Phòng không hút thuốc', 'Phòng gia đình', 'Nhà hàng', 'Bữa sáng', 'Chỗ đỗ xe miễn phí', 'Dịch vụ phòng', 'WiFi miễn phí', 'Xe đưa đón sân bay'], 'all_facilities': {'Phòng tắm': ['Giấy vệ sinh', 'Phòng tắm riêng', 'Dép', 'Nhà vệ sinh', 'Khăn tắm', 'Vòi sen'], 'Phòng ngủ': ['Ra trải giường'], 'Tầm nhìn': ['Nhìn ra vườn', 'Tầm nhìn ra khung cảnh'], 'Ngoài trời': ['Bàn ghế ngoài trời', 'Sân hiên phơi nắng', 'Sân thượng / hiên', 'Tiện nghi BBQ', 'Sân vườn'], 'Nhà bếp': ['Bếp chung'], 'Tiện ích trong phòng': ['Ổ điện gần giường', 'Giá treo quần áo'], 'Hoạt động': ['Karaoke - Phụ phí', 'Biểu diễn/nhạc sống - Phụ phí', 'Giờ vàng - Phụ phí', 'Tour đi bộ', 'Lớp dạy nấu ăn', 'Tour đi xe đạp - Phụ phí', 'Tour/lớp về văn hóa địa phương', 'Câu cá - Phụ phí'], 'Đồ ăn & thức uống': ['Bữa ăn trẻ em', 'Nhà hàng', 'Bữa sáng tại phòng', 'Trái cây', 'Quán cà phê (trong khuôn viên)', 'Thực đơn ăn kiêng đặc biệt (theo yêu cầu)'], 'Internet': ['Wi-fi có ở toàn bộ khách sạn và miễn phí.'], 'Chỗ đậu xe': ['Có chỗ đỗ xe riêng miễn phí tại chỗ (không cần đặt chỗ trước).'], 'Phương tiện đi lại': ['Vé đi phương tiện công cộng - Phụ phí'], 'Dịch vụ lễ tân': ['Nhận/trả phòng cấp tốc', 'Nhận/trả phòng riêng', 'Dịch vụ trợ giúp đặc biệt', 'Giữ hành lí'], 'Dịch vụ lau dọn': ['Dịch vụ là (ủi)', 'Dọn phòng hàng ngày'], 'An ninh': ['Bình chữa cháy', 'Bảo vệ 24/7'], 'Tổng quát': ['Điều hòa nhiệt độ', 'Phòng không hút thuốc', 'Hiệu cắt tóc/làm đẹp', 'Dịch vụ đưa đón - Phụ phí', 'Giao nhận đồ tạp hóa - Phụ phí', 'Phòng gia đình', 'Khu vực cho phép hút thuốc', 'Khu vực xem TV/sảnh chung', 'Cấm hút thuốc trong toàn bộ khuôn viên', 'Bữa trưa đóng hộp', 'Dịch vụ phòng', 'Xe đưa đón sân bay - Phụ phí', 'Cửa hàng tạp hóa (trong khuôn viên)'], 'Chăm sóc sức khỏe': ['Khu vực thư giãn/spa lounge', 'Ô (dù) che nắng loại to'], 'Ngôn ngữ được sử dụng': ['Tiếng Đức', 'Tiếng Anh', 'Tiếng Việt']}}"
https://www.booking.com/hotel/vn/phuoc-hung-3-thanh-pho-vinh-long.vi.html,"{'best_facilities': ['Phòng không hút thuốc', 'Phòng gia đình', 'Chỗ đỗ xe miễn phí', 'WiFi miễn phí', 'Xe đưa đón sân bay'], 'all_facilities': {'Chỗ đậu xe': ['Có chỗ đỗ xe riêng miễn phí tại chỗ (không cần đặt chỗ trước).'], 'Internet': ['Wi-fi có ở các khu vực công cộng và miễn phí.'], 'Nhà bếp': ['Ấm đun nước điện', 'Tủ lạnh'], 'Phòng ngủ': ['Ra trải giường', 'Tủ hoặc phòng để quần áo'], 'Phòng tắm': ['Áo choàng tắm', 'Giấy vệ sinh', 'Máy sấy tóc', 'Phòng tắm riêng', 'Dép', 'Nhà vệ sinh', 'Khăn tắm', 'Chậu rửa vệ sinh (bidet)', 'Vòi sen', 'Đồ vệ sinh cá nhân miễn phí'], 'Khu vực phòng khách': ['Bàn làm việc'], 'Truyền thông & Công nghệ': ['TV', 'Truyền hình cáp', 'Điện thoại', 'TV màn hình phẳng'], 'Tiện ích trong phòng': ['Bàn ủi', 'Ổ điện gần giường', 'Giá treo quần áo'], 'Lối vào dành cho người khuyết tật': ['Các tầng trên đi lên bằng thang máy'], 'Phương tiện đi lại': ['Xe đưa đón sân bay - Phụ phí'], 'Dịch vụ lễ tân': ['Dịch vụ trợ giúp đặc biệt', 'Có xuất hóa đơn', 'Lễ tân 24 giờ'], 'Dịch vụ lau dọn': ['Dịch vụ là (ủi) - Phụ phí', 'Dọn phòng hàng ngày', 'Giặt ủi - Phụ phí'], 'Các tiện nghi khác': ['Điều hòa nhiệt độ', 'Phòng không hút thuốc', 'Phòng cách âm', 'Phòng gia đình', 'Khu vực cho phép hút thuốc'], 'An ninh': ['Hệ thống CCTV trong khu vực chung', 'Hệ thống CCTV bên ngoài chỗ nghỉ', 'Bảo vệ 24/7', 'Thiết bị báo cháy', 'Báo động an ninh', 'Bình chữa cháy', 'Ổ khóa mở bằng thẻ', 'Ổ khóa'], 'Ngôn ngữ được sử dụng': ['Tiếng Anh', 'Tiếng Việt']}}"
https://www.booking.com/hotel/vn/mekong-nature-lodge.vi.html,"{'best_facilities': ['Phòng không hút thuốc', 'WiFi miễn phí', 'Phòng gia đình', 'Bữa sáng tốt', 'Chỗ đậu xe riêng'], 'all_facilities': {'Phòng tắm': ['Giấy vệ sinh', 'Máy sấy tóc', 'Phòng tắm riêng', 'Dép', 'Nhà vệ sinh', 'Khăn tắm', 'Vòi sen'], 'Phòng ngủ': ['Ra trải giường', 'Phòng thay quần áo'], 'Tầm nhìn': ['Nhìn ra vườn', 'Nhìn ra hồ', 'Tầm nhìn ra khung cảnh'], 'Ngoài trời': ['Bàn ghế ngoài trời', 'Ban công', 'Sân trong', 'Sân thượng / hiên', 'Khu vực ăn uống ngoài trời', 'Sân vườn'], 'Nhà bếp': ['Ấm đun nước điện', 'Tủ lạnh'], 'Tiện ích trong phòng': ['Giá treo quần áo'], 'Khu vực phòng khách': ['Bàn làm việc'], 'Đồ ăn & thức uống': ['Minibar'], 'Internet': ['Wi-fi có ở toàn bộ khách sạn và miễn phí.'], 'Chỗ đậu xe': ['Trạm sạc xe điện'], 'Dịch vụ': ['Dịch vụ báo thức'], 'Tổng quát': ['Điều hòa nhiệt độ', 'Phòng không hút thuốc', 'Màn chống muỗi', 'Lối vào riêng', 'Không gây dị ứng', 'Phòng gia đình', 'Bàn ủi', 'Tiện nghi ủi', 'Sàn lát gỗ'], 'Ngôn ngữ được sử dụng': ['Tiếng Anh']}}"
https://www.booking.com/hotel/vn/phuoc-hung-2.vi.html,"{'best_facilities': ['Phòng không hút thuốc', 'Phòng gia đình', 'Chỗ đỗ xe miễn phí', 'WiFi miễn phí', 'Xe đưa đón sân bay'], 'all_facilities': {'Phòng tắm': ['Áo choàng tắm', 'Giấy vệ sinh', 'Máy sấy tóc', 'Phòng tắm riêng', 'Dép', 'Nhà vệ sinh', 'Khăn tắm', 'Chậu rửa vệ sinh (bidet)', 'Vòi sen', 'Đồ vệ sinh cá nhân miễn phí'], 'Phòng ngủ': ['Ra trải giường', 'Tủ hoặc phòng để quần áo'], 'Nhà bếp': ['Ấm đun nước điện', 'Tủ lạnh'], 'Tiện ích trong phòng': ['Ổ điện gần giường', 'Giá treo quần áo'], 'Vật nuôi': ['Vật nuôi được phép. Có thể bị tính phí.'], 'Khu vực phòng khách': ['Bàn làm việc'], 'Truyền thông & Công nghệ': ['TV', 'Truyền hình cáp', 'Điện thoại', 'TV màn hình phẳng'], 'Internet': ['Wi-fi có ở các khu vực công cộng và miễn phí.'], 'Chỗ đậu xe': ['Có chỗ đỗ xe riêng miễn phí tại chỗ (không cần đặt chỗ trước).'], 'Dịch vụ': ['Dịch vụ là (ủi) - Phụ phí', 'Dịch vụ trợ giúp đặc biệt', 'Dọn phòng hàng ngày', 'Xe đưa đón sân bay - Phụ phí', 'Lễ tân 24 giờ', 'Giặt ủi - Phụ phí'], 'Dịch vụ lễ tân': ['Có xuất hóa đơn'], 'An ninh': ['Hệ thống CCTV trong khu vực chung', 'Hệ thống CCTV bên ngoài chỗ nghỉ', 'Bảo vệ 24/7', 'Thiết bị báo cháy', 'Báo động an ninh', 'Bình chữa cháy', 'Ổ khóa mở bằng thẻ', 'Ổ khóa'], 'Tổng quát': ['Điều hòa nhiệt độ', 'Phòng không hút thuốc', 'Phòng cách âm', 'Phòng gia đình', 'Bàn ủi', 'Khu vực cho phép hút thuốc', 'Sàn lát gạch/đá cẩm thạch', 'Hệ thống cách âm'], 'Ngôn ngữ được sử dụng': ['Tiếng Anh', 'Tiếng Việt']}}"
https://www.booking.com/hotel/vn/khach-san-phuoc-hung.vi.html,"{'best_facilities': ['Phòng không hút thuốc', 'Phòng gia đình', 'Chỗ đỗ xe miễn phí', 'WiFi miễn phí', 'Xe đưa đón sân bay'], 'all_facilities': {'Phòng tắm': ['Áo choàng tắm', 'Giấy vệ sinh', 'Máy sấy tóc', 'Phòng tắm riêng', 'Dép', 'Nhà vệ sinh', 'Khăn tắm', 'Chậu rửa vệ sinh (bidet)', 'Vòi sen', 'Đồ vệ sinh cá nhân miễn phí'], 'Phòng ngủ': ['Ra trải giường', 'Tủ hoặc phòng để quần áo'], 'Nhà bếp': ['Ấm đun nước điện', 'Tủ lạnh'], 'Tiện ích trong phòng': ['Ổ điện gần giường', 'Giá treo quần áo'], 'Vật nuôi': ['Vật nuôi được phép. Có thể bị tính phí.'], 'Khu vực phòng khách': ['Bàn làm việc'], 'Truyền thông & Công nghệ': ['TV', 'Truyền hình cáp', 'Điện thoại', 'TV màn hình phẳng'], 'Internet': ['Wi-fi có ở các khu vực công cộng và miễn phí.'], 'Chỗ đậu xe': ['Có chỗ đỗ xe riêng miễn phí tại chỗ (không cần đặt chỗ trước).'], 'Dịch vụ': ['Dịch vụ là (ủi) - Phụ phí', 'Dịch vụ trợ giúp đặc biệt', 'Dọn phòng hàng ngày', 'Xe đưa đón sân bay - Phụ phí', 'Lễ tân 24 giờ', 'Giặt ủi - Phụ phí'], 'Dịch vụ lễ tân': ['Có xuất hóa đơn'], 'An ninh': ['Hệ thống CCTV trong khu vực chung', 'Hệ thống CCTV bên ngoài chỗ nghỉ', 'Bảo vệ 24/7', 'Thiết bị báo cháy', 'Báo động an ninh', 'Bình chữa cháy', 'Ổ khóa mở bằng thẻ', 'Ổ khóa'], 'Tổng quát': ['Điều hòa nhiệt độ', 'Phòng không hút thuốc', 'Phòng cách âm', 'Phòng gia đình', 'Bàn ủi', 'Khu vực cho phép hút thuốc', 'Sàn lát gạch/đá cẩm thạch'], 'Ngôn ngữ được sử dụng': ['Tiếng Anh', 'Tiếng Việt']}}"
https://www.booking.com/hotel/vn/mekong-pottery-homestay-dbl-1-thanh-pho-vinh-long.vi.html,"{'best_facilities': ['Phòng không hút thuốc', 'Phòng gia đình', 'Nhà hàng', 'Chỗ đỗ xe miễn phí', 'Dịch vụ phòng', 'WiFi tốt miễn phí (45 Mbps)', 'Bữa sáng tuyệt vời', 'Xe đưa đón sân bay'], 'all_facilities': {'Phòng tắm': ['Áo choàng tắm', 'Giấy vệ sinh', 'Máy sấy tóc', 'Phòng tắm riêng', 'Toilet phụ', 'Dép', 'Nhà vệ sinh', 'Khăn tắm', 'Bồn tắm hoặc Vòi sen', 'Chậu rửa vệ sinh (bidet)', 'Vòi sen', 'Đồ vệ sinh cá nhân miễn phí'], 'Tầm nhìn': ['Nhìn ra vườn', 'Hướng nhìn sân trong', 'Tầm nhìn ra khung cảnh'], 'Ngoài trời': ['Bàn ghế ngoài trời', 'Ban công', 'Sân trong', 'Sân hiên phơi nắng', 'Sân thượng / hiên', 'Tiện nghi BBQ', 'Khu vực ăn uống ngoài trời', 'Sân vườn'], 'Nhà bếp': ['Bàn ăn', 'Ấm đun nước điện', 'Bếp chung', 'Sản phẩm lau rửa'], 'Tiện ích trong phòng': ['Ổ điện gần giường', 'Giá phơi quần áo', 'Giá treo quần áo'], 'Hoạt động': ['Phòng chơi game', 'Xe đạp', 'Tour đi xe đạp - Phụ phí', 'Tour đi bộ - Phụ phí', 'Bữa tối theo chủ đề - Phụ phí', 'Thiết bị dành cho cầu lông', 'Tour/lớp về văn hóa địa phương - Phụ phí', 'Cho thuê xe đạp'], 'Khu vực phòng khách': ['Khu vực phòng ăn', 'Khu vực tiếp khách', 'Bàn làm việc'], 'Đồ ăn & thức uống': ['Nhà hàng', 'Bữa sáng tại phòng', 'Trái cây', 'Bữa ăn trẻ em - Phụ phí', 'Quán cà phê (trong khuôn viên)', 'Thực đơn ăn kiêng đặc biệt (theo yêu cầu)'], 'Internet': ['WiFi tốt miễn phí 45 Mbps. Phù hợp để phát trực tiếp nội dung HD và gọi video. Tốc độ mạng đã được kiểm tra bởi host.'], 'Chỗ đậu xe': ['Nhà để xe', 'Bãi đậu xe tiếp cận người khuyết tật'], 'Phương tiện đi lại': ['Vé đi phương tiện công cộng - Phụ phí'], 'Dịch vụ lễ tân': ['Nhận/trả phòng cấp tốc', 'Dịch vụ trợ giúp đặc biệt', 'Nhận/trả phòng riêng', 'Bàn bán tour', 'Giữ hành lí'], 'Dịch vụ giải trí và gia đình': ['Sách, đĩa DVD và nhạc cho trẻ em', 'Trò chơi Board games/giải đố', 'Trò chơi board game/giải đố'], 'Dịch vụ lau dọn': ['Dịch vụ là (ủi) - Phụ phí', 'Giặt ủi - Phụ phí'], 'An ninh': ['Hệ thống CCTV trong khu vực chung', 'Bình chữa cháy', 'Báo động an ninh', 'Ổ khóa'], 'Tổng quát': ['Điều hòa nhiệt độ', 'Phòng không hút thuốc', 'Màn chống muỗi', 'Dịch vụ đưa đón - Phụ phí', 'Phòng gia đình', 'Bàn ủi', 'Khu vực cho phép hút thuốc', 'Cho thuê xe hơi', 'Chỗ ngủ cho vật nuôi', 'Bát ăn cho vật nuôi', 'Máy bán hàng tự động (đồ uống)', 'Cấm hút thuốc trong toàn bộ khuôn viên', 'Sàn lát gạch/đá cẩm thạch', 'Tiện nghi ủi', 'Dịch vụ phòng', 'Xe đưa đón sân bay - Phụ phí', 'Quạt máy'], 'Lối vào dành cho người khuyết tật': ['Hoàn toàn nằm ở tầng trệt'], 'Ngôn ngữ được sử dụng': ['Tiếng Anh', 'Tiếng Việt']}}"
https://www.booking.com/hotel/vn/khach-san-cay-cau-do.vi.html,"{'best_facilities': ['Phòng không hút thuốc', 'Phòng gia đình', 'Chỗ đỗ xe miễn phí', 'Dịch vụ phòng', 'WiFi miễn phí'], 'all_facilities': {'Phòng tắm': ['Khăn tắm/Bộ khăn trải giường (có thu phí)', 'Giấy vệ sinh', 'Máy sấy tóc', 'Phòng tắm riêng', 'Dép', 'Nhà vệ sinh', 'Khăn tắm', 'Bồn tắm hoặc Vòi sen', 'Chậu rửa vệ sinh (bidet)', 'Vòi sen', 'Đồ vệ sinh cá nhân miễn phí'], 'Phòng ngủ': ['Ra trải giường', 'Tủ hoặc phòng để quần áo'], 'Ngoài trời': ['Bàn ghế ngoài trời', 'Sân thượng / hiên', 'Sân vườn', 'Sân hiên phơi nắng'], 'Nhà bếp': ['Bếp chung', 'Bàn ăn', 'Tủ lạnh', 'Ấm đun nước điện', 'Sản phẩm lau rửa'], 'Tiện ích trong phòng': ['Ổ điện gần giường', 'Giá treo quần áo'], 'Khu vực phòng khách': ['Khu vực tiếp khách', 'Bàn làm việc'], 'Truyền thông & Công nghệ': ['TV', 'Truyền hình cáp', 'Điện thoại', 'TV màn hình phẳng'], 'Đồ ăn & thức uống': ['Minibar'], 'Internet': ['Wi-fi có ở các phòng khách sạn và miễn phí.'], 'Chỗ đậu xe': ['Có chỗ đỗ xe riêng miễn phí tại chỗ (không cần đặt chỗ trước).'], 'Dịch vụ': ['Tủ khóa', 'Nhận/trả phòng cấp tốc', 'Dịch vụ trợ giúp đặc biệt', 'Khu vực xem TV/sảnh chung', 'Dịch vụ phòng', 'Dọn phòng hàng ngày', 'Giữ hành lí', 'Lễ tân 24 giờ'], 'Dịch vụ lễ tân': ['Có xuất hóa đơn'], 'An ninh': ['Hệ thống CCTV trong khu vực chung', 'Hệ thống CCTV bên ngoài chỗ nghỉ', 'Bảo vệ 24/7', 'Thiết bị báo cháy', 'Báo động an ninh', 'Bình chữa cháy', 'Ổ khóa'], 'Tổng quát': ['Điều hòa nhiệt độ', 'Phòng không hút thuốc', 'Thang máy', 'Không gây dị ứng', 'Phòng không gây dị ứng', 'Phòng cách âm', 'Phòng gia đình', 'Bàn ủi', 'Cấm hút thuốc trong toàn bộ khuôn viên', 'Sàn lát gỗ', 'Lối vào riêng', 'Sàn trải thảm', 'Quạt máy'], 'Lối vào dành cho người khuyết tật': ['Các tầng trên chỉ lên được bằng cầu thang', 'Các tầng trên đi lên bằng thang máy'], 'Ngôn ngữ được sử dụng': ['Tiếng Việt']}}"
https://www.booking.com/hotel/vn/mekongriverside-hometay.vi.html,"{'best_facilities': ['Phòng không hút thuốc', 'Phòng gia đình', 'Nhà hàng', 'Bữa sáng', 'Chỗ đỗ xe miễn phí', 'Dịch vụ phòng', 'WiFi miễn phí', 'Xe đưa đón sân bay'], 'all_facilities': {'Phòng tắm': ['Phòng tắm riêng'], 'Ngoài trời': ['Bàn ghế ngoài trời', 'Sân hiên phơi nắng', 'Sân thượng / hiên', 'Khu vực picnic', 'Sân vườn'], 'Nhà bếp': ['Bếp chung'], 'Hoạt động': ['Tiện nghi chơi thể thao dưới nước (trong khuôn viên) - Phụ phí', 'Giải trí buổi tối', 'Giờ vàng', 'Tour đi bộ', 'Ca-nô - Phụ phí', 'Lớp dạy nấu ăn', 'Tour đi xe đạp', 'Bữa tối theo chủ đề - Phụ phí', 'Đi bộ đường dài - Phụ phí', 'Câu cá - Phụ phí', 'Xe đạp Ngoài khuôn viên'], 'Đồ ăn & thức uống': ['Quầy bar (đồ ăn nhẹ)', 'Bữa ăn trẻ em', 'Nhà hàng', 'Bữa sáng tại phòng', 'Trái cây', 'Thực đơn ăn kiêng đặc biệt (theo yêu cầu)', 'Bữa ăn tự chọn phù hợp với trẻ em'], 'Internet': ['Wi-fi có ở các phòng khách sạn và miễn phí.'], 'Chỗ đậu xe': ['Dịch vụ đỗ xe cho khách', 'Nhà để xe'], 'Dịch vụ lễ tân': ['Tủ khóa', 'Có xuất hóa đơn', 'Nhận/trả phòng cấp tốc', 'Dịch vụ trợ giúp đặc biệt', 'Thu đổi ngoại tệ', 'Nhận/trả phòng riêng', 'Bàn bán tour', 'Giữ hành lí', 'Lễ tân 24 giờ'], 'Dịch vụ giải trí và gia đình': ['Cửa an toàn cho trẻ nhỏ'], 'Dịch vụ lau dọn': ['Bàn ủi li quần', 'Dịch vụ là (ủi) - Phụ phí', 'Giặt khô - Phụ phí', 'Dọn phòng hàng ngày', 'Giặt ủi - Phụ phí'], 'An ninh': ['Thiết bị báo cháy', 'Báo động an ninh', 'Bình chữa cháy', 'Két an toàn', 'Ổ khóa'], 'Tổng quát': ['Điều hòa nhiệt độ', 'Phòng không hút thuốc', 'Dịch vụ đưa đón - Phụ phí', 'Phòng cách âm', 'Phòng không gây dị ứng', 'Phòng gia đình', 'Khu vực cho phép hút thuốc', 'Cho thuê xe hơi', 'Khu vực xem TV/sảnh chung', 'Cấm hút thuốc trong toàn bộ khuôn viên', 'Dịch vụ phòng', 'Xe đưa đón sân bay - Phụ phí', 'Nhà thờ/miếu thờ'], 'Chăm sóc sức khỏe': ['Dịch vụ làm móng tay', 'Chăm sóc tóc', 'Chăm sóc da mặt', 'Mát-xa chân', 'Mát-xa tay', 'Ghế/ghế dài tắm nắng', 'Dịch Vụ Làm Đẹp', 'Mát-xa toàn thân', 'Phòng tắm không gian mở', 'Mát-xa lưng', 'Nhuộm tóc', 'Phòng tắm nắng', 'Tiện Nghi Spa', 'Dịch vụ làm móng chân', 'Dịch vụ trang điểm', 'Cắt tóc', 'Ô (dù) che nắng loại to', 'Khu vực thư giãn/spa lounge', 'Ghế mát-xa', 'Mát-xa cổ', 'Trị Liệu Cơ Thể', 'Dịch vụ triệt lông', 'Phòng xông hơi ướt', 'Massage - Phụ phí'], 'Ngôn ngữ được sử dụng': ['Tiếng Anh', 'Tiếng Việt']}}"
https://www.booking.com/hotel/vn/homestay-ngoc-sang.vi.html,"{'best_facilities': ['Phòng không hút thuốc', 'Phòng gia đình', 'Bữa sáng', 'Dịch vụ phòng', 'WiFi miễn phí', 'Dịch vụ đưa đón sân bay (miễn phí)'], 'all_facilities': {'Phòng tắm': ['Khăn tắm/Bộ khăn trải giường (có thu phí)', 'Giấy vệ sinh', 'Máy sấy tóc', 'Toilet phụ', 'Toilet chung', 'Phòng tắm chung', 'Dép', 'Nhà vệ sinh', 'Khăn tắm', 'Bồn tắm hoặc Vòi sen', 'Vòi sen', 'Phòng tắm phụ', 'Đồ vệ sinh cá nhân miễn phí'], 'Phòng ngủ': ['Ra trải giường', 'Giường cực dài (> 2 mét)', 'Tủ hoặc phòng để quần áo', 'Phòng thay quần áo'], 'Tầm nhìn': ['Nhìn ra vườn', 'Tầm nhìn ra khung cảnh'], 'Ngoài trời': ['Bàn ghế ngoài trời', 'Sân trong', 'Sân hiên phơi nắng', 'Sân hiên', 'Sân vườn'], 'Nhà bếp': ['Máy sấy quần áo', 'Ấm đun nước điện', 'Bếp chung'], 'Tiện ích trong phòng': ['Ổ điện gần giường', 'Giá phơi quần áo', 'Giá treo quần áo'], 'Vật nuôi': ['Vật nuôi được phép. Có thể bị tính phí.'], 'Hoạt động': ['Tiện nghi chơi thể thao dưới nước (trong khuôn viên)', 'Xe đạp', 'Tour đi bộ', 'Lớp dạy nấu ăn', 'Tour đi xe đạp', 'Đi bộ đường dài', 'Cho thuê xe đạp', 'Câu cá'], 'Khu vực phòng khách': ['Khu vực tiếp khách', 'Bàn làm việc'], 'Đồ ăn & thức uống': ['Bữa sáng tại phòng', 'Trái cây - Phụ phí', 'Bữa ăn trẻ em - Phụ phí', 'Thực đơn ăn kiêng đặc biệt (theo yêu cầu)', 'Rượu vang/sâm panh - Phụ phí'], 'Internet': ['Wi-fi có ở các phòng khách sạn và miễn phí.'], 'Chỗ đậu xe': ['Không có chỗ đỗ xe.'], 'Dịch vụ lễ tân': ['Tủ khóa', 'Nhận/trả phòng cấp tốc', 'Thu đổi ngoại tệ', 'Nhận/trả phòng riêng', 'Bàn bán tour', 'Giữ hành lí', 'Lễ tân 24 giờ'], 'Dịch vụ giải trí và gia đình': ['Khu vui chơi trong nhà', 'Cửa an toàn cho trẻ nhỏ'], 'Dịch vụ lau dọn': ['Dịch vụ là (ủi) - Phụ phí', 'Bàn ủi li quần - Phụ phí', 'Dọn phòng hàng ngày - Phụ phí', 'Giặt khô', 'Giặt ủi - Phụ phí'], 'Dịch vụ cho doanh nhân': ['Fax/photocopy - Phụ phí'], 'An ninh': ['Bảo vệ 24/7', 'Thiết bị báo cháy', 'Báo động an ninh', 'Bình chữa cháy', 'Ổ khóa'], 'Tổng quát': ['Phòng không hút thuốc', 'Màn chống muỗi', 'Hiệu cắt tóc/làm đẹp', 'Dịch vụ đưa đón - Phụ phí', 'Điều hòa nhiệt độ - Phụ phí', 'Phòng gia đình', 'Khu vực cho phép hút thuốc', 'Cho thuê xe hơi', 'Dịch vụ phòng', 'Nhà thờ/miếu thờ', 'Sàn lát gạch/đá cẩm thạch', 'Xe đưa đón sân bay', 'Cửa hàng tạp hóa (trong khuôn viên)', 'Lối vào riêng', 'Sàn trải thảm', 'Quạt máy'], 'Chăm sóc sức khỏe': ['Phòng tắm chung'], 'Ngôn ngữ được sử dụng': ['Tiếng Anh', 'Tiếng Việt']}}"
https://www.booking.com/hotel/vn/nam-thanh-homestay.vi.html,"{'best_facilities': ['Phòng không hút thuốc', 'Phòng gia đình', 'Nhà hàng', 'Chỗ đỗ xe miễn phí', 'Bữa sáng tuyệt vời', 'WiFi miễn phí', 'Xe đưa đón sân bay', 'Quầy bar'], 'all_facilities': {'Phòng tắm': ['Giấy vệ sinh', 'Toilet phụ', 'Toilet chung', 'Dép', 'Nhà vệ sinh', 'Khăn tắm', 'Chậu rửa vệ sinh (bidet)', 'Vòi sen', 'Đồ vệ sinh cá nhân miễn phí'], 'Phòng ngủ': ['Ra trải giường', 'Đồng hồ báo thức', 'Giường cực dài (> 2 mét)', 'Tủ hoặc phòng để quần áo'], 'Tầm nhìn': ['Nhìn ra vườn', 'Nhìn ra hồ'], 'Ngoài trời': ['Bàn ghế ngoài trời', 'Sân hiên phơi nắng', 'Sân hiên', 'Khu vực ăn uống ngoài trời', 'Sân vườn'], 'Nhà bếp': ['Bàn ăn', 'Bếp chung'], 'Tiện ích trong phòng': ['Ổ điện gần giường', 'Giá phơi quần áo', 'Giá treo quần áo'], 'Vật nuôi': ['Vật nuôi được phép. Không tính thêm phí.'], 'Hoạt động': ['Nhân viên Giải trí', 'Giải trí buổi tối', 'Câu lạc bộ trẻ em', 'Tour đi bộ', 'Karaoke', 'Tour đi xe đạp', 'Sân chơi trẻ em', 'Bữa tối theo chủ đề - Phụ phí', 'Bida - Phụ phí', 'Cho thuê xe đạp', 'Câu cá'], 'Khu vực phòng khách': ['Khu vực phòng ăn', 'Khu vực tiếp khách', 'Bàn làm việc'], 'Đồ ăn & thức uống': ['Nhà hàng', 'Bữa sáng tại phòng', 'Trái cây', 'Bữa ăn trẻ em - Phụ phí', 'Thực đơn ăn kiêng đặc biệt (theo yêu cầu)', 'Bữa ăn tự chọn phù hợp với trẻ em', 'Rượu vang/sâm panh - Phụ phí', 'Quầy bar'], 'Internet': ['Wi-fi có ở toàn bộ khách sạn và miễn phí.'], 'Chỗ đậu xe': ['Nhà để xe'], 'Phương tiện đi lại': ['Vé đi phương tiện công cộng - Phụ phí'], 'Dịch vụ lễ tân': ['Tủ khóa', 'Dịch vụ trợ giúp đặc biệt', 'Thu đổi ngoại tệ', 'Nhận/trả phòng riêng', 'Máy ATM/rút tiền trong khuôn viên', 'Bàn bán tour', 'Giữ hành lí', 'Lễ tân 24 giờ'], 'Dịch vụ giải trí và gia đình': ['Sách, đĩa DVD và nhạc cho trẻ em', 'Nắp che ổ cắm điện an toàn'], 'Dịch vụ lau dọn': ['Giặt khô - Phụ phí', 'Dọn phòng hàng ngày', 'Giặt ủi - Phụ phí'], 'An ninh': ['Thiết bị báo cháy', 'Báo động an ninh'], 'Tổng quát': ['Phòng không hút thuốc', 'Màn chống muỗi', 'Hiệu cắt tóc/làm đẹp', 'Điều hòa nhiệt độ - Phụ phí', 'Phòng gia đình', 'Dịch vụ báo thức', 'Bàn ủi', 'Khu vực cho phép hút thuốc', 'Cho thuê xe hơi', 'Chỗ ngủ cho vật nuôi', 'Khu vực xem TV/sảnh chung', 'Sàn lát gạch/đá cẩm thạch', 'Dịch vụ đưa đón', 'Dịch vụ báo thức', 'Xe đưa đón sân bay - Phụ phí', 'Tiện nghi ủi', 'Lối vào riêng', 'Quạt máy'], 'Chăm sóc sức khỏe': ['Phòng tắm không gian mở'], 'Ngôn ngữ được sử dụng': ['Tiếng Anh', 'Tiếng Việt']}}"
https://www.booking.com/hotel/vn/phuoc-thanh-iv.vi.html,"{'best_facilities': ['Phòng không hút thuốc', 'Phòng gia đình', 'Nhà hàng', 'Bữa sáng', 'Chỗ đỗ xe miễn phí', 'Dịch vụ phòng', 'WiFi miễn phí'], 'all_facilities': {'Phòng tắm': ['Giấy vệ sinh', 'Máy sấy tóc', 'Phòng tắm riêng', 'Khăn tắm', 'Bồn tắm hoặc Vòi sen', 'Đồ vệ sinh cá nhân miễn phí'], 'Phòng ngủ': ['Ra trải giường', 'Tủ hoặc phòng để quần áo'], 'Nhà bếp': ['Ấm đun nước điện'], 'Truyền thông & Công nghệ': ['TV', 'Điện thoại', 'TV màn hình phẳng'], 'Đồ ăn & thức uống': ['Nhà hàng', 'Quầy bar (đồ ăn nhẹ)'], 'Internet': ['Wi-fi có ở toàn bộ khách sạn và miễn phí.'], 'Chỗ đậu xe': ['Dịch vụ đỗ xe cho khách'], 'Dịch vụ lễ tân': ['Có xuất hóa đơn', 'Nhận/trả phòng cấp tốc', 'Nhận/trả phòng riêng', 'Giữ hành lí', 'Lễ tân 24 giờ'], 'Dịch vụ lau dọn': ['Dịch vụ là (ủi) - Phụ phí', 'Dọn phòng hàng ngày', 'Giặt ủi - Phụ phí'], 'Dịch vụ cho doanh nhân': ['Tiện nghi tổ chức hội họp/tiệc - Phụ phí'], 'An ninh': ['Hệ thống CCTV trong khu vực chung', 'Bảo vệ 24/7'], 'Tổng quát': ['Điều hòa nhiệt độ', 'Phòng không hút thuốc', 'Thang máy', 'Phòng gia đình', 'Cho thuê xe hơi', 'Cấm hút thuốc trong toàn bộ khuôn viên', 'Dịch vụ phòng', 'Tiện nghi ủi'], 'Ngôn ngữ được sử dụng': ['Tiếng Việt']}}"
https://www.booking.com/hotel/vn/ruby-thanh-pho-vinh-long.vi.html,"{'best_facilities': ['Phòng không hút thuốc', 'Phòng gia đình', 'Hồ bơi ngoài trời', 'Chỗ đỗ xe miễn phí', 'Dịch vụ phòng', 'WiFi miễn phí', 'Xe đưa đón sân bay', 'Quầy bar'], 'all_facilities': {'Phòng tắm': ['Giấy vệ sinh', 'Máy sấy tóc', 'Phòng tắm riêng', 'Dép', 'Nhà vệ sinh', 'Khăn tắm', 'Bồn tắm hoặc Vòi sen', 'Chậu rửa vệ sinh (bidet)', 'Vòi sen', 'Đồ vệ sinh cá nhân miễn phí'], 'Phòng ngủ': ['Ra trải giường', 'Tủ hoặc phòng để quần áo'], 'Ngoài trời': ['Bàn ghế ngoài trời', 'Sân hiên phơi nắng', 'Sân thượng / hiên', 'Khu vực ăn uống ngoài trời', 'Sân vườn'], 'Nhà bếp': ['Ấm đun nước điện', 'Bếp chung', 'Tủ lạnh'], 'Tiện ích trong phòng': ['Ổ điện gần giường', 'Giá treo quần áo'], 'Hoạt động': ['Sân chơi trẻ em', 'Cho thuê xe đạp', 'Câu lạc bộ trẻ em'], 'Khu vực phòng khách': ['Bàn làm việc'], 'Truyền thông & Công nghệ': ['Dịch vụ streaming (như là Netflix)', 'TV màn hình phẳng', 'TV', 'Điện thoại', 'Truyền hình cáp'], 'Đồ ăn & thức uống': ['Quán cà phê (trong khuôn viên)', 'Quầy bar', 'Quầy bar (đồ ăn nhẹ)', 'Minibar'], 'Internet': ['Wi-fi có ở các phòng khách sạn và miễn phí.'], 'Chỗ đậu xe': ['Dịch vụ đỗ xe cho khách', 'Trạm sạc xe điện', 'Nhà để xe'], 'Dịch vụ lễ tân': ['Nhận/trả phòng cấp tốc', 'Có xuất hóa đơn', 'Giữ hành lí', 'Lễ tân 24 giờ'], 'Dịch vụ giải trí và gia đình': ['Xe đẩy', 'Nắp che ổ cắm điện an toàn', 'Khu vui chơi trong nhà', 'Cửa an toàn cho trẻ nhỏ'], 'Dịch vụ lau dọn': ['Dịch vụ là (ủi) - Phụ phí', 'Bàn ủi li quần - Phụ phí', 'Dọn phòng hàng ngày', 'Giặt ủi - Phụ phí'], 'Dịch vụ cho doanh nhân': ['Tiện nghi tổ chức hội họp/tiệc'], 'An ninh': ['Hệ thống CCTV trong khu vực chung', 'Hệ thống CCTV bên ngoài chỗ nghỉ', 'Bảo vệ 24/7', 'Thiết bị báo cháy', 'Báo động an ninh', 'Bình chữa cháy', 'Ổ khóa mở bằng thẻ'], 'Tổng quát': ['Điều hòa nhiệt độ', 'Phòng không hút thuốc', 'Thang máy', 'Dịch vụ đưa đón - Phụ phí', 'Không gây dị ứng', 'Phòng cách âm', 'Phòng gia đình', 'Khu vực cho phép hút thuốc', 'Cho thuê xe hơi', 'Khu vực xem TV/sảnh chung', 'Máy bán hàng tự động (đồ uống)', 'Dịch vụ phòng', 'Sàn lát gạch/đá cẩm thạch', 'Xe đưa đón sân bay - Phụ phí'], 'Lối vào dành cho người khuyết tật': ['Xe lăn có thể đi đến mọi nơi trong toàn bộ khuôn viên', 'Các tầng trên đi lên bằng thang máy'], 'Hồ bơi ngoài trờiMiễn phí!': ['Mở cửa quanh năm', 'Hồ bơi vô cực', 'Hồ bơi có tầm nhìn', 'Mái che hồ bơi', 'Chỗ cạn', 'Hàng rào quanh hồ bơi', 'Dành cho mọi độ tuổi'], 'Chăm sóc sức khỏe': ['Ghế/ghế dài tắm nắng', 'Hồ bơi trẻ em', 'Phòng tắm chung'], 'Ngôn ngữ được sử dụng': ['Tiếng Anh', 'Tiếng Việt']}}"
https://www.booking.com/hotel/vn/riverside-park-eco-resort.vi.html,"{'best_facilities': ['Phòng không hút thuốc', 'Phòng gia đình', 'Nhà hàng', 'Hồ bơi ngoài trời', 'Bữa sáng', 'Chỗ đỗ xe miễn phí', 'Dịch vụ phòng', 'WiFi miễn phí', 'Xe đưa đón sân bay', 'Quầy bar'], 'all_facilities': {'Phòng tắm': ['Khăn tắm/Bộ khăn trải giường (có thu phí)', 'Giấy vệ sinh', 'Phòng tắm riêng', 'Toilet phụ', 'Dép', 'Nhà vệ sinh', 'Khăn tắm', 'Bồn tắm hoặc Vòi sen', 'Vòi sen', 'Đồ vệ sinh cá nhân miễn phí'], 'Phòng ngủ': ['Ra trải giường'], 'Tầm nhìn': ['Nhìn ra vườn', 'Tầm nhìn ra khung cảnh'], 'Ngoài trời': ['Bàn ghế ngoài trời', 'Ban công', 'Sân hiên phơi nắng', 'Sân thượng / hiên', 'Khu vực ăn uống ngoài trời', 'Sân vườn'], 'Nhà bếp': ['Tủ lạnh'], 'Tiện ích trong phòng': ['Ổ điện gần giường'], 'Hoạt động': ['Tiện nghi chơi thể thao dưới nước (trong khuôn viên) - Phụ phí', 'Lớp dạy nấu ăn - Phụ phí', 'Xe đạp', 'Giờ vàng - Phụ phí', 'Biểu diễn/nhạc sống - Phụ phíNgoài khuôn viên', 'Tour đi bộ', 'Đi bộ đường dài Ngoài khuôn viên', 'Tour đi xe đạp - Phụ phí', 'Cho thuê xe đạp - Phụ phí', 'Tour/lớp về văn hóa địa phương - Phụ phí', 'Câu cá'], 'Khu vực phòng khách': ['Khu vực tiếp khách', 'Bàn làm việc'], 'Đồ ăn & thức uống': ['Bữa ăn trẻ em', 'Quầy bar (đồ ăn nhẹ)', 'Nhà hàng', 'Trái cây - Phụ phí', 'Quầy bar'], 'Internet': ['Wi-fi có ở toàn bộ khách sạn và miễn phí.'], 'Chỗ đậu xe': ['Nhà để xe'], 'Dịch vụ lễ tân': ['Bàn bán tour'], 'Dịch vụ lau dọn': ['Giặt khô - Phụ phí', 'Dịch vụ là (ủi) - Phụ phí', 'Dọn phòng hàng ngày', 'Giặt ủi - Phụ phí'], 'An ninh': ['Hệ thống CCTV trong khu vực chung', 'Bảo vệ 24/7', 'Thiết bị báo cháy', 'Báo động an ninh', 'Bình chữa cháy', 'Ổ khóa'], 'Tổng quát': ['Điều hòa nhiệt độ', 'Phòng không hút thuốc', 'Phòng cách âm', 'Phòng gia đình', 'Dịch vụ báo thức', 'Cho thuê xe hơi', 'Khu vực cho phép hút thuốc', 'Dịch vụ phòng', 'Sàn lát gạch/đá cẩm thạch', 'Dịch vụ báo thức', 'Xe đưa đón sân bay - Phụ phí'], 'Lối vào dành cho người khuyết tật': ['Hoàn toàn nằm ở tầng trệt'], 'Hồ bơi ngoài trờiMiễn phí!': ['Ghế/ghế dài tắm nắng', 'Đồ chơi ở hồ bơi', 'Theo mùa', 'Hồ bơi có tầm nhìn'], 'Chăm sóc sức khỏe': ['Ghế/ghế dài tắm nắng', 'Ô (dù) che nắng loại to'], 'Ngôn ngữ được sử dụng': ['Tiếng Anh', 'Tiếng Việt']}}"
https://www.booking.com/hotel/vn/vin-vinh-long.vi.html,"{'best_facilities': ['Phòng gia đình', 'Chỗ đậu xe riêng', 'WiFi miễn phí'], 'all_facilities': {'Phòng tắm': ['Khăn tắm/Bộ khăn trải giường (có thu phí)', 'Áo choàng tắm', 'Giấy vệ sinh', 'Máy sấy tóc', 'Phòng tắm riêng', 'Dép', 'Nhà vệ sinh', 'Khăn tắm', 'Bồn tắm hoặc Vòi sen', 'Chậu rửa vệ sinh (bidet)', 'Vòi sen', 'Đồ vệ sinh cá nhân miễn phí'], 'Phòng ngủ': ['Ra trải giường', 'Phòng thay quần áo'], 'Ngoài trời': ['Bàn ghế ngoài trời'], 'Nhà bếp': ['Ấm đun nước điện', 'Tủ lạnh'], 'Truyền thông & Công nghệ': ['TV', 'TV màn hình phẳng'], 'Internet': ['Wi-fi có ở toàn bộ khách sạn và miễn phí.'], 'Chỗ đậu xe': ['Có chỗ đỗ xe riêng và chi phí VND\xa0200.000 cho một ngày tại chỗ (cần đặt chỗ trước).'], 'Dịch vụ': ['Giặt khô - Phụ phí', 'Máy ATM/rút tiền trong khuôn viên', 'Dọn phòng hàng ngày', 'Lễ tân 24 giờ'], 'Dịch vụ lễ tân': ['Có xuất hóa đơn'], 'An ninh': ['Hệ thống CCTV trong khu vực chung', 'Hệ thống CCTV bên ngoài chỗ nghỉ', 'Thiết bị báo cháy', 'Báo động an ninh', 'Bình chữa cháy'], 'Tổng quát': ['Điều hòa nhiệt độ', 'Thang máy', 'Không gây dị ứng', 'Phòng cách âm', 'Phòng không gây dị ứng', 'Thiết bị báo carbon monoxide', 'Phòng gia đình', 'Khu vực cho phép hút thuốc'], 'Lối vào dành cho người khuyết tật': ['Các tầng trên đi lên bằng thang máy'], 'Ngôn ngữ được sử dụng': ['Tiếng Anh', 'Tiếng Việt']}}"
https://www.booking.com/hotel/vn/van-trang-garden-2.vi.html,"{'best_facilities': ['Dịch vụ đưa đón sân bay (miễn phí)', 'Chỗ đỗ xe miễn phí', 'Phòng gia đình', 'Dịch vụ phòng'], 'all_facilities': {'Phòng tắm': ['Máy sấy tóc', 'Dép', 'Nhà vệ sinh', 'Khăn tắm', 'Vòi sen', 'Đồ vệ sinh cá nhân miễn phí'], 'Ngoài trời': ['Bàn ghế ngoài trời', 'Sân vườn'], 'Tiện ích trong phòng': ['Ổ điện gần giường', 'Giá treo quần áo'], 'Khu vực phòng khách': ['Bàn làm việc'], 'Truyền thông & Công nghệ': ['TV', 'Truyền hình cáp', 'TV màn hình phẳng'], 'Internet': ['Không có truy cập internet.'], 'Chỗ đậu xe': ['Có chỗ đỗ xe riêng miễn phí tại chỗ (không cần đặt chỗ trước).'], 'Dịch vụ lễ tân': ['Có xuất hóa đơn', 'Nhận/trả phòng cấp tốc', 'Nhận/trả phòng riêng', 'Giữ hành lí', 'Lễ tân 24 giờ'], 'Dịch vụ giải trí và gia đình': ['Xe đẩy'], 'Dịch vụ lau dọn': ['Dọn phòng hàng ngày', 'Giặt ủi - Phụ phí'], 'An ninh': ['Hệ thống CCTV trong khu vực chung', 'Hệ thống CCTV bên ngoài chỗ nghỉ', 'Bảo vệ 24/7', 'Báo động an ninh', 'Bình chữa cháy', 'Ổ khóa mở bằng thẻ', 'Ổ khóa'], 'Tổng quát': ['Điều hòa nhiệt độ', 'Dịch vụ đưa đón - Phụ phí', 'Phòng cách âm', 'Phòng gia đình', 'Bàn ủi', 'Khu vực cho phép hút thuốc', 'Cho thuê xe hơi', 'Khu vực xem TV/sảnh chung', 'Dịch vụ phòng', 'Hệ thống cách âm', 'Xe đưa đón sân bay'], 'Lối vào dành cho người khuyết tật': ['Xe lăn có thể đi đến mọi nơi trong toàn bộ khuôn viên', 'Hoàn toàn nằm ở tầng trệt'], 'Ngôn ngữ được sử dụng': ['Tiếng Việt']}}"
https://www.booking.com/hotel/vn/ba-linh-homestay.vi.html,"{'best_facilities': ['Phòng không hút thuốc', 'Phòng gia đình', 'Nhà hàng', 'Bữa sáng', 'Quầy bar', 'Xe đưa đón sân bay', 'WiFi nhanh miễn phí (51 Mbps)'], 'all_facilities': {'Phòng tắm': ['Khăn tắm/Bộ khăn trải giường (có thu phí)', 'Giấy vệ sinh', 'Phòng tắm riêng', 'Dép', 'Nhà vệ sinh', 'Khăn tắm', 'Bồn tắm hoặc Vòi sen', 'Vòi sen'], 'Phòng ngủ': ['Ra trải giường'], 'Tầm nhìn': ['Tầm nhìn ra khung cảnh'], 'Ngoài trời': ['Khu vực ăn uống ngoài trời', 'Sân vườn'], 'Nhà bếp': ['Bếp chung'], 'Hoạt động': ['Giải trí buổi tối', 'Xe đạp', 'Tour đi bộ', 'Lớp dạy nấu ăn', 'Tour đi xe đạp', 'Cho thuê xe đạp', 'Câu cá'], 'Khu vực phòng khách': ['Khu vực tiếp khách', 'Bàn làm việc'], 'Đồ ăn & thức uống': ['Nhà hàng', 'Rượu vang/sâm panh - Phụ phí', 'Quầy bar'], 'Internet': ['WiFi nhanh miễn phí 51 Mbps. Phù hợp để phát trực tiếp nội dung 4K và gọi video trên nhiều thiết bị. Tốc độ mạng đã được kiểm tra bởi host.'], 'Chỗ đậu xe': ['Không có chỗ đỗ xe.'], 'Dịch vụ': ['Dịch vụ đưa đón - Phụ phí', 'Cho thuê xe hơi', 'Thu đổi ngoại tệ', 'Nhận/trả phòng riêng', 'Xe đưa đón sân bay - Phụ phí', 'Lễ tân 24 giờ'], 'An ninh': ['Két an toàn'], 'Tổng quát': ['Phòng không hút thuốc', 'Màn chống muỗi', 'Phòng gia đình', 'Khu vực cho phép hút thuốc', 'Lối vào riêng', 'Hệ thống cách âm', 'Quạt máy'], 'Ngôn ngữ được sử dụng': ['Tiếng Anh']}}"
https://www.booking.com/hotel/vn/van-trang.vi.html,"{'best_facilities': ['Phòng gia đình', 'Chỗ đỗ xe miễn phí', 'Dịch vụ phòng', 'WiFi miễn phí', 'Xe đưa đón sân bay'], 'all_facilities': {'Phòng tắm': ['Giấy vệ sinh', 'Máy sấy tóc', 'Phòng tắm riêng', 'Dép', 'Nhà vệ sinh', 'Khăn tắm', 'Bồn tắm hoặc Vòi sen', 'Chậu rửa vệ sinh (bidet)', 'Vòi sen', 'Đồ vệ sinh cá nhân miễn phí'], 'Phòng ngủ': ['Tủ hoặc phòng để quần áo'], 'Ngoài trời': ['Bàn ghế ngoài trời', 'Sân thượng / hiên', 'Sân hiên phơi nắng'], 'Nhà bếp': ['Ấm đun nước điện'], 'Tiện ích trong phòng': ['Ổ điện gần giường', 'Giá treo quần áo'], 'Vật nuôi': ['Vật nuôi được phép theo yêu cầu của khách. Không tính thêm phí.'], 'Khu vực phòng khách': ['Ghế sofa', 'Bàn làm việc'], 'Truyền thông & Công nghệ': ['TV', 'Truyền hình cáp', 'Điện thoại', 'TV màn hình phẳng'], 'Internet': ['Wi-fi có ở các khu vực công cộng và miễn phí.'], 'Chỗ đậu xe': ['Có chỗ đỗ xe riêng miễn phí tại chỗ (không cần đặt chỗ trước).'], 'Dịch vụ lễ tân': ['Có xuất hóa đơn', 'Nhận/trả phòng cấp tốc', 'Nhận/trả phòng riêng', 'Giữ hành lí', 'Lễ tân 24 giờ'], 'Dịch vụ lau dọn': ['Dọn phòng hàng ngày', 'Bàn ủi li quần', 'Giặt ủi - Phụ phí'], 'An ninh': ['Bình chữa cháy', 'Ổ khóa', 'Bảo vệ 24/7'], 'Tổng quát': ['Điều hòa nhiệt độ', 'Thang máy', 'Dịch vụ đưa đón - Phụ phí', 'Phòng cách âm', 'Phòng gia đình', 'Cho thuê xe hơi', 'Khu vực xem TV/sảnh chung', 'Dịch vụ phòng', 'Tiện nghi ủi', 'Xe đưa đón sân bay - Phụ phí'], 'Ngôn ngữ được sử dụng': ['Tiếng Việt']}}"
https://www.booking.com/hotel/vn/minh-khue-vinh-long12.vi.html,"{'best_facilities': ['Phòng không hút thuốc', 'Tiện nghi cho khách khuyết tật', 'Phòng gia đình', 'Chỗ đỗ xe miễn phí', 'WiFi miễn phí', 'Xe đưa đón sân bay'], 'all_facilities': {'Phòng tắm': ['Giấy vệ sinh', 'Phòng tắm riêng', 'Dép', 'Nhà vệ sinh', 'Khăn tắm', 'Đồ vệ sinh cá nhân miễn phí'], 'Phòng ngủ': ['Ra trải giường'], 'Ngoài trời': ['Sân hiên phơi nắng'], 'Nhà bếp': ['Ấm đun nước điện'], 'Tiện ích trong phòng': ['Ổ điện gần giường', 'Giá treo quần áo'], 'Hoạt động': ['Cho thuê xe đạp - Phụ phí'], 'Đồ ăn & thức uống': ['Trái cây - Phụ phí'], 'Internet': ['Wi-fi có ở toàn bộ khách sạn và miễn phí.'], 'Chỗ đậu xe': ['Dịch vụ đỗ xe cho khách', 'Nhà để xe', 'Bãi đậu xe tiếp cận người khuyết tật'], 'Dịch vụ lễ tân': ['Nhận/trả phòng cấp tốc', 'Nhận/trả phòng riêng', 'Giữ hành lí', 'Lễ tân 24 giờ'], 'Dịch vụ giải trí và gia đình': ['Cửa an toàn cho trẻ nhỏ'], 'Dịch vụ lau dọn': ['Dịch vụ là (ủi) - Phụ phí', 'Giặt ủi'], 'An ninh': ['Hệ thống CCTV trong khu vực chung', 'Bình chữa cháy', 'Ổ khóa mở bằng thẻ', 'Thiết bị báo cháy'], 'Tổng quát': ['Điều hòa nhiệt độ', 'Phòng không hút thuốc', 'Thang máy', 'Tiện nghi cho khách khuyết tật', 'Dịch vụ đưa đón - Phụ phí', 'Phòng không gây dị ứng', 'Phòng gia đình', 'Cho thuê xe hơi', 'Khu vực xem TV/sảnh chung', 'Xe đưa đón sân bay - Phụ phí'], 'Lối vào dành cho người khuyết tật': ['Lối vào cho người đi xe lăn'], 'Ngôn ngữ được sử dụng': ['Tiếng Anh', 'Tiếng Việt']}}"
https://www.booking.com/hotel/vn/khach-san-sai-gon-vinh-long.vi.html,"{'best_facilities': ['Phòng không hút thuốc', 'Bữa sáng rất tốt', 'Phòng gia đình', 'Nhà hàng', 'Hồ bơi ngoài trời', 'Chỗ đỗ xe miễn phí', 'Dịch vụ phòng', 'WiFi miễn phí', 'Quầy bar'], 'all_facilities': {'Phòng tắm': ['Phòng tắm riêng', 'Dép', 'Nhà vệ sinh', 'Khăn tắm', 'Bồn tắm', 'Vòi sen', 'Đồ vệ sinh cá nhân miễn phí'], 'Phòng ngủ': ['Ra trải giường', 'Tủ hoặc phòng để quần áo'], 'Ngoài trời': ['Sân thượng / hiên', 'Sân vườn'], 'Nhà bếp': ['Ấm đun nước điện', 'Tủ lạnh'], 'Khu vực phòng khách': ['Ghế sofa', 'Bàn làm việc'], 'Truyền thông & Công nghệ': ['Truyền hình cáp', 'TV màn hình phẳng'], 'Đồ ăn & thức uống': ['Quầy bar', 'Nhà hàng', 'Minibar'], 'Internet': ['Wi-fi có ở toàn bộ khách sạn và miễn phí.'], 'Chỗ đậu xe': ['Nhà để xe'], 'Dịch vụ': ['Dịch vụ báo thức', 'Dịch vụ phòng', 'Lễ tân 24 giờ'], 'An ninh': ['Hệ thống CCTV trong khu vực chung', 'Hệ thống CCTV bên ngoài chỗ nghỉ', 'Bảo vệ 24/7', 'Thiết bị báo cháy', 'Báo động an ninh', 'Bình chữa cháy', 'Ổ khóa mở bằng thẻ', 'Ổ khóa'], 'Tổng quát': ['Điều hòa nhiệt độ', 'Phòng gia đình', 'Phòng không hút thuốc', 'Sàn lát gỗ'], 'Lối vào dành cho người khuyết tật': ['Xe lăn có thể đi đến mọi nơi trong toàn bộ khuôn viên', 'Các tầng trên đi lên bằng thang máy'], 'Hồ bơi ngoài trờiMiễn phí!': [], 'Ngôn ngữ được sử dụng': ['Tiếng Anh', 'Tiếng Việt']}}"
https://www.booking.com/hotel/vn/binh-an-village-vinh-long.vi.html,"{'best_facilities': ['Phòng không hút thuốc', 'Phòng gia đình', 'Trung tâm Spa & chăm sóc sức khoẻ', 'Nhà hàng', 'Bữa sáng', 'Chỗ đỗ xe miễn phí', 'Dịch vụ phòng', 'WiFi miễn phí'], 'all_facilities': {'Phòng tắm': ['Khăn tắm/Bộ khăn trải giường (có thu phí)', 'Giấy vệ sinh', 'Phòng tắm riêng', 'Dép', 'Khăn tắm', 'Bồn tắm hoặc Vòi sen', 'Chậu rửa vệ sinh (bidet)', 'Vòi sen', 'Đồ vệ sinh cá nhân miễn phí'], 'Phòng ngủ': ['Ra trải giường', 'Tủ hoặc phòng để quần áo'], 'Tầm nhìn': ['Nhìn ra vườn'], 'Ngoài trời': ['Bàn ghế ngoài trời', 'Sân trong', 'Khu vực ăn uống ngoài trời', 'Khu vực picnic', 'Sân vườn'], 'Nhà bếp': ['Bếp chung'], 'Tiện ích trong phòng': ['Ổ điện gần giường'], 'Hoạt động': ['Tour đi xe đạp', 'Cho thuê xe đạp', 'Xe đạp Ngoài khuôn viên'], 'Khu vực phòng khách': ['Khu vực phòng ăn', 'Khu vực tiếp khách'], 'Đồ ăn & thức uống': ['Bữa sáng tại phòng', 'Quán cà phê (trong khuôn viên)', 'Thực đơn ăn kiêng đặc biệt (theo yêu cầu)', 'Nhà hàng'], 'Internet': ['Wi-fi có ở toàn bộ khách sạn và miễn phí.'], 'Chỗ đậu xe': ['Có chỗ đỗ xe riêng miễn phí tại chỗ (không cần đặt chỗ trước).'], 'Dịch vụ': ['Dịch vụ là (ủi) - Phụ phí', 'Cho thuê xe hơi', 'Tiện nghi tổ chức hội họp/tiệc', 'Nhận/trả phòng riêng', 'Dịch vụ phòng', 'Dọn phòng hàng ngày', 'Giặt ủi - Phụ phí'], 'An ninh': ['Bình chữa cháy', 'Ổ khóa', 'Bảo vệ 24/7'], 'Tổng quát': ['Điều hòa nhiệt độ', 'Phòng không hút thuốc', 'Phòng gia đình', 'Khu vực cho phép hút thuốc', 'Cấm hút thuốc trong toàn bộ khuôn viên', 'Sàn lát gạch/đá cẩm thạch', 'Lối vào riêng'], 'Lối vào dành cho người khuyết tật': ['Hoàn toàn nằm ở tầng trệt'], 'Chăm sóc sức khỏe': ['Dịch vụ ngâm chân', 'Chăm sóc da mặt', 'Tẩy tế bào chết toàn thân', 'Mát-xa chân', 'Mát-xa tay', 'Dịch Vụ Làm Đẹp', 'Mát-xa toàn thân', 'Mát-xa lưng', 'Phòng gửi đồ ở spa/gym', 'Mát-xa đầu', 'Tiện Nghi Spa', 'Phòng xông hơi ướt', 'Ô (dù) che nắng loại to', 'Trung tâm Spa & chăm sóc sức khoẻ', 'Mát-xa cổ', 'Gói spa/chăm sóc sức khỏe', 'Trị Liệu Cơ Thể', 'Phòng xông hơi', 'Mát-xa dành cho cặp đôi', 'Dịch vụ triệt lông', 'Massage - Phụ phí'], 'Ngôn ngữ được sử dụng': ['Tiếng Việt']}}"
https://www.booking.com/hotel/vn/phuoc-thinh-vinh-long3.vi.html,"{'best_facilities': ['Chỗ đỗ xe miễn phí', 'Phòng gia đình', 'Dịch vụ phòng', 'WiFi miễn phí'], 'all_facilities': {'Phòng tắm': ['Áo choàng tắm', 'Giấy vệ sinh', 'Phòng tắm riêng', 'Toilet phụ', 'Dép', 'Nhà vệ sinh', 'Khăn tắm', 'Bồn tắm hoặc Vòi sen', 'Chậu rửa vệ sinh (bidet)', 'Vòi sen', 'Phòng tắm phụ', 'Đồ vệ sinh cá nhân miễn phí'], 'Phòng ngủ': ['Ra trải giường', 'Tủ hoặc phòng để quần áo'], 'Ngoài trời': ['Sân thượng / hiên'], 'Nhà bếp': ['Bàn ăn', 'Sản phẩm lau rửa'], 'Tiện ích trong phòng': ['Ổ điện gần giường', 'Giá phơi quần áo', 'Giá treo quần áo'], 'Khu vực phòng khách': ['Khu vực phòng ăn', 'Bàn làm việc'], 'Truyền thông & Công nghệ': ['Ổ cắm cho iPod', 'TV', 'Truyền hình cáp', 'TV màn hình phẳng'], 'Internet': ['Wi-fi có ở các khu vực công cộng và miễn phí.'], 'Chỗ đậu xe': ['Có chỗ đỗ xe riêng miễn phí tại chỗ (không cần đặt chỗ trước).'], 'Dịch vụ lễ tân': ['Nhận/trả phòng cấp tốc', 'Nhận/trả phòng riêng', 'Có xuất hóa đơn', 'Lễ tân 24 giờ'], 'Dịch vụ lau dọn': ['Giặt khô - Phụ phí', 'Dọn phòng hàng ngày', 'Giặt ủi - Phụ phí'], 'An ninh': ['Hệ thống CCTV trong khu vực chung', 'Hệ thống CCTV bên ngoài chỗ nghỉ', 'Bảo vệ 24/7', 'Thiết bị báo cháy', 'Bình chữa cháy'], 'Tổng quát': ['Điều hòa nhiệt độ', 'Thang máy', 'Dịch vụ đưa đón - Phụ phí', 'Giao nhận đồ tạp hóa - Phụ phí', 'Không gây dị ứng', 'Phòng không gây dị ứng', 'Phòng cách âm', 'Thiết bị báo carbon monoxide', 'Phòng gia đình', 'Khu vực cho phép hút thuốc', 'Cấm hút thuốc trong toàn bộ khuôn viên', 'Dịch vụ phòng', 'Sàn lát gạch/đá cẩm thạch', 'Chăn điện', 'Hệ thống cách âm'], 'Lối vào dành cho người khuyết tật': ['Các tầng trên đi lên bằng thang máy'], 'Chăm sóc sức khỏe': ['Bồn tắm nóng/bể sục (Jacuzzi)'], 'Ngôn ngữ được sử dụng': ['Tiếng Việt']}}"
https://www.booking.com/hotel/vn/paris-amp-cafe-vinh-long.vi.html,"{'best_facilities': ['Phòng không hút thuốc', 'Chỗ đỗ xe miễn phí', 'Phòng gia đình', 'Quầy bar'], 'all_facilities': {'Phòng tắm': ['Giấy vệ sinh', 'Máy sấy tóc', 'Phòng tắm riêng', 'Toilet chung', 'Dép', 'Nhà vệ sinh', 'Khăn tắm', 'Bồn tắm hoặc Vòi sen', 'Vòi sen', 'Phòng tắm phụ'], 'Ngoài trời': ['Bàn ghế ngoài trời', 'Sân thượng / hiên', 'Sân hiên phơi nắng'], 'Nhà bếp': ['Ấm đun nước điện', 'Tủ lạnh'], 'Tiện ích trong phòng': ['Ổ điện gần giường'], 'Hoạt động': ['Giải trí buổi tối'], 'Khu vực phòng khách': ['Bàn làm việc'], 'Truyền thông & Công nghệ': ['TV', 'Truyền hình cáp', 'Điện thoại', 'TV màn hình phẳng'], 'Đồ ăn & thức uống': ['Quầy bar', 'Minibar'], 'Internet': ['Không có truy cập internet.'], 'Chỗ đậu xe': ['Chỗ đậu xe ngoài đường', 'Dịch vụ đỗ xe cho khách'], 'Dịch vụ lễ tân': ['Tủ khóa', 'Có xuất hóa đơn', 'Nhận/trả phòng cấp tốc', 'Dịch vụ trợ giúp đặc biệt', 'Nhận/trả phòng riêng', 'Giữ hành lí', 'Lễ tân 24 giờ'], 'Dịch vụ giải trí và gia đình': ['Cửa an toàn cho trẻ nhỏ'], 'Dịch vụ lau dọn': ['Dịch vụ là (ủi) - Phụ phí', 'Bàn ủi li quần - Phụ phí', 'Giặt khô - Phụ phí', 'Dọn phòng hàng ngày', 'Giặt ủi - Phụ phí'], 'An ninh': ['Hệ thống CCTV trong khu vực chung', 'Hệ thống CCTV bên ngoài chỗ nghỉ', 'Bảo vệ 24/7', 'Thiết bị báo cháy', 'Báo động an ninh', 'Bình chữa cháy', 'Ổ khóa mở bằng thẻ', 'Ổ khóa'], 'Tổng quát': ['Điều hòa nhiệt độ', 'Phòng không hút thuốc', 'Thang máy', 'Phòng không gây dị ứng', 'Phòng gia đình', 'Thiết bị báo carbon monoxide', 'Khu vực cho phép hút thuốc', 'Khu vực xem TV/sảnh chung', 'Cấm hút thuốc trong toàn bộ khuôn viên', 'Sàn lát gạch/đá cẩm thạch'], 'Lối vào dành cho người khuyết tật': ['Các tầng trên chỉ lên được bằng cầu thang', 'Xe lăn có thể đi đến mọi nơi trong toàn bộ khuôn viên', 'Các tầng trên đi lên bằng thang máy'], 'Ngôn ngữ được sử dụng': ['Tiếng Việt', 'Tiếng Pháp']}}"
https://www.booking.com/hotel/vn/khach-san-cuu-long-a.vi.html,"{'best_facilities': ['Phòng không hút thuốc', 'Phòng gia đình', '2 nhà hàng', 'Trung tâm Spa & chăm sóc sức khoẻ', 'Chỗ đỗ xe miễn phí', 'Dịch vụ phòng', 'WiFi miễn phí'], 'all_facilities': {'Tầm nhìn': ['Tầm nhìn ra khung cảnh'], 'Ngoài trời': ['Lò sưởi ngoài trời', 'Bàn ghế ngoài trời', 'Tiện nghi BBQ - Phụ phí', 'Sân vườn'], 'Hoạt động': ['Lớp dạy nấu ăn - Phụ phí', 'Biểu diễn/nhạc sống - Phụ phí', 'Tour đi bộ - Phụ phí', 'Tour đi xe đạp - Phụ phí', 'Bữa tối theo chủ đề - Phụ phí', 'Giải trí buổi tối - Phụ phí', 'Cho thuê xe đạp - Phụ phí', 'Tour/lớp về văn hóa địa phương - Phụ phí'], 'Truyền thông & Công nghệ': ['TV màn hình phẳng'], 'Đồ ăn & thức uống': ['Quán cà phê (trong khuôn viên)', 'Nhà hàng', 'Rượu vang/sâm panh - Phụ phí'], 'Internet': ['Wi-fi có ở các khu vực công cộng và miễn phí.'], 'Chỗ đậu xe': ['Có chỗ đỗ xe riêng miễn phí tại một điểm gần đó (không cần đặt chỗ trước).'], 'Dịch vụ lễ tân': ['Nhận/trả phòng riêng', 'Bàn bán tour', 'Có xuất hóa đơn', 'Lễ tân 24 giờ'], 'Dịch vụ lau dọn': ['Giặt khô - Phụ phí', 'Dịch vụ là (ủi) - Phụ phí', 'Dọn phòng hàng ngày', 'Giặt ủi - Phụ phí'], 'Dịch vụ cho doanh nhân': ['Trung tâm dịch vụ doanh nhân - Phụ phí', 'Tiện nghi tổ chức hội họp/tiệc - Phụ phí'], 'An ninh': ['Bình chữa cháy', 'Bảo vệ 24/7'], 'Tổng quát': ['Điều hòa nhiệt độ', 'Phòng không hút thuốc', 'Hiệu cắt tóc/làm đẹp', 'Phòng gia đình', 'Cho thuê xe hơi', 'Khu vực xem TV/sảnh chung', 'Cấm hút thuốc trong toàn bộ khuôn viên', 'Bữa trưa đóng hộp', 'Dịch vụ phòng', 'Cửa hàng tạp hóa (trong khuôn viên)'], 'Chăm sóc sức khỏe': ['Trung tâm Spa & chăm sóc sức khoẻ - Phụ phí'], 'Ngôn ngữ được sử dụng': ['Tiếng Anh', 'Tiếng Việt']}}"
https://www.booking.com/hotel/vn/thien-thanh-vinh-long.vi.html,"{'best_facilities': ['Phòng không hút thuốc', 'Phòng gia đình', 'Chỗ đỗ xe miễn phí', 'Dịch vụ phòng', 'WiFi miễn phí'], 'all_facilities': {'Phòng tắm': ['Giấy vệ sinh', 'Phòng tắm riêng', 'Dép', 'Nhà vệ sinh', 'Khăn tắm', 'Bồn tắm hoặc Vòi sen', 'Vòi sen'], 'Phòng ngủ': ['Tủ hoặc phòng để quần áo'], 'Nhà bếp': ['Ấm đun nước điện'], 'Tiện ích trong phòng': ['Giá treo quần áo'], 'Hoạt động': ['Cho thuê xe đạp - Phụ phí', 'Tour/lớp về văn hóa địa phương - Phụ phí'], 'Khu vực phòng khách': ['Khu vực tiếp khách', 'Bàn làm việc'], 'Truyền thông & Công nghệ': ['TV', 'Điện thoại', 'TV màn hình phẳng'], 'Đồ ăn & thức uống': ['Quán cà phê (trong khuôn viên)'], 'Internet': ['Wi-fi có ở các phòng khách sạn và miễn phí.'], 'Chỗ đậu xe': ['Có chỗ đỗ xe riêng miễn phí tại một điểm gần đó (cần đặt chỗ trước).'], 'Phương tiện đi lại': ['Vé đi phương tiện công cộng - Phụ phí'], 'Dịch vụ lễ tân': ['Tủ khóa', 'Có xuất hóa đơn', 'Giữ hành lí', 'Lễ tân 24 giờ'], 'Dịch vụ lau dọn': ['Giặt khô - Phụ phí', 'Dịch vụ là (ủi) - Phụ phí', 'Dọn phòng hàng ngày', 'Giặt ủi - Phụ phí'], 'Dịch vụ cho doanh nhân': ['Fax/photocopy'], 'An ninh': ['Hệ thống CCTV trong khu vực chung', 'Hệ thống CCTV bên ngoài chỗ nghỉ', 'Bảo vệ 24/7', 'Thiết bị báo cháy', 'Báo động an ninh', 'Bình chữa cháy', 'Két an toàn', 'Ổ khóa'], 'Tổng quát': ['Điều hòa nhiệt độ', 'Phòng không hút thuốc', 'Giao nhận đồ tạp hóa - Phụ phí', 'Phòng gia đình', 'Cho thuê xe hơi', 'Khu vực xem TV/sảnh chung', 'Cấm hút thuốc trong toàn bộ khuôn viên', 'Dịch vụ phòng', 'Quạt máy'], 'Ngôn ngữ được sử dụng': ['Tiếng Việt']}}"
https://www.booking.com/hotel/vn/ngoc-hung-thanh-pho-vinh-long12.vi.html,"{'best_facilities': ['Phòng không hút thuốc', 'Tiện nghi cho khách khuyết tật', 'Phòng gia đình', 'Trung tâm Spa & chăm sóc sức khoẻ', 'Chỗ đỗ xe miễn phí', 'Dịch vụ phòng', 'WiFi miễn phí'], 'all_facilities': {'Tầm nhìn': ['Tầm nhìn ra khung cảnh'], 'Ngoài trời': ['Bàn ghế ngoài trời', 'Sân hiên', 'Sân vườn', 'Sân hiên phơi nắng'], 'Tiện ích trong phòng': ['Giá phơi quần áo', 'Giá treo quần áo'], 'Hoạt động': ['Cho thuê xe đạp - Phụ phí'], 'Truyền thông & Công nghệ': ['TV màn hình phẳng'], 'Đồ ăn & thức uống': ['Quán cà phê (trong khuôn viên)', 'Quầy bar (đồ ăn nhẹ)'], 'Internet': ['Wi-fi có ở toàn bộ khách sạn và miễn phí.'], 'Chỗ đậu xe': ['Dịch vụ đỗ xe cho khách', 'Trạm sạc xe điện', 'Bãi đậu xe tiếp cận người khuyết tật'], 'Dịch vụ lễ tân': ['Tủ khóa', 'Dịch vụ trợ giúp đặc biệt', 'Thu đổi ngoại tệ', 'Nhận/trả phòng riêng', 'Nhận/trả phòng cấp tốc - Phụ phí', 'Bàn bán tour', 'Giữ hành lí', 'Lễ tân 24 giờ'], 'Dịch vụ giải trí và gia đình': ['Cửa an toàn cho trẻ nhỏ'], 'Dịch vụ lau dọn': ['Giặt ủi', 'Dịch vụ là (ủi) - Phụ phí', 'Bàn ủi li quần - Phụ phí', 'Giặt khô - Phụ phí', 'Dọn phòng hàng ngày'], 'Dịch vụ cho doanh nhân': ['Trung tâm dịch vụ doanh nhân - Phụ phí', 'Fax/photocopy - Phụ phí', 'Tiện nghi tổ chức hội họp/tiệc - Phụ phí'], 'An ninh': ['Hệ thống CCTV trong khu vực chung', 'Hệ thống CCTV bên ngoài chỗ nghỉ', 'Bảo vệ 24/7', 'Thiết bị báo cháy', 'Báo động an ninh', 'Bình chữa cháy', 'Ổ khóa mở bằng thẻ', 'Két an toàn'], 'Tổng quát': ['Điều hòa nhiệt độ', 'Phòng không hút thuốc', 'Tiện nghi cho khách khuyết tật', 'Dịch vụ đưa đón - Phụ phí', 'Phòng không gây dị ứng', 'Phòng gia đình', 'Khu vực cho phép hút thuốc', 'Cho thuê xe hơi', 'Khu vực xem TV/sảnh chung', 'Dịch vụ phòng'], 'Lối vào dành cho người khuyết tật': ['Lối vào cho người đi xe lăn'], 'Chăm sóc sức khỏe': ['Dịch vụ ngâm chân', 'Tẩy tế bào chết toàn thân', 'Phòng xông hơi - Phụ phí', 'Mát-xa chân', 'Mát-xa tay', 'Dịch Vụ Làm Đẹp', 'Mát-xa toàn thân', 'Trung tâm Spa & chăm sóc sức khoẻ - Phụ phí', 'Phòng tắm không gian mở', 'Mát-xa lưng', 'Mát-xa đầu', 'Tiện Nghi Spa', 'Khu vực thư giãn/spa lounge', 'Ghế mát-xa', 'Mát-xa cổ', 'Gói spa/chăm sóc sức khỏe', 'Trị Liệu Cơ Thể', 'Mát-xa dành cho cặp đôi', 'Phòng xông hơi ướt', 'Massage - Phụ phí'], 'Ngôn ngữ được sử dụng': ['Tiếng Nhật', 'Tiếng Anh', 'Tiếng Việt', 'Tiếng Hàn Quốc']}}"
https://www.booking.com/hotel/vn/an-loc-motel.vi.html,"{'best_facilities': ['Chỗ đỗ xe miễn phí', 'Phòng gia đình', 'WiFi miễn phí'], 'all_facilities': {'Phòng tắm': ['Giấy vệ sinh', 'Dép', 'Nhà vệ sinh', 'Khăn tắm', 'Chậu rửa vệ sinh (bidet)', 'Vòi sen'], 'Phòng ngủ': ['Ra trải giường', 'Giường cực dài (> 2 mét)', 'Tủ hoặc phòng để quần áo', 'Phòng thay quần áo'], 'Tầm nhìn': ['Hướng nhìn sân trong'], 'Ngoài trời': ['Bàn ghế ngoài trời', 'Sân hiên phơi nắng', 'Khu vực ăn uống ngoài trời', 'Khu vực picnic', 'Sân vườn'], 'Tiện ích trong phòng': ['Ổ điện gần giường', 'Giá phơi quần áo', 'Giường sofa'], 'Vật nuôi': ['Vật nuôi được phép. Không tính thêm phí.'], 'Hoạt động': ['Biểu diễn/nhạc sống - Phụ phí', 'Tour đi bộ', 'Tour đi xe đạp - Phụ phí', 'Đi bộ đường dài', 'Cho thuê xe đạp', 'Xe đạp Ngoài khuôn viên'], 'Khu vực phòng khách': ['Bàn làm việc'], 'Truyền thông & Công nghệ': ['TV màn hình phẳng', 'Ổ cắm cho iPod', 'TV', 'Truyền hình trả tiền', 'Truyền hình cáp'], 'Đồ ăn & thức uống': ['Trái cây - Phụ phí', 'Quán cà phê (trong khuôn viên)', 'Quầy bar (đồ ăn nhẹ)', 'Bữa ăn trẻ em - Phụ phí'], 'Internet': ['Wi-fi có ở các khu vực công cộng và miễn phí.'], 'Chỗ đậu xe': ['Chỗ đậu xe ngoài đường'], 'Dịch vụ lễ tân': ['Tủ khóa', 'Nhận/trả phòng cấp tốc', 'Dịch vụ trợ giúp đặc biệt', 'Nhận/trả phòng riêng', 'Giữ hành lí', 'Lễ tân 24 giờ'], 'Dịch vụ giải trí và gia đình': ['Nắp che ổ cắm điện an toàn'], 'Dịch vụ lau dọn': ['Dịch vụ là (ủi) - Phụ phí', 'Giặt khô', 'Dọn phòng hàng ngày - Phụ phí', 'Giặt ủi - Phụ phí'], 'An ninh': ['Bình chữa cháy', 'Thiết bị báo cháy', 'Báo động an ninh'], 'Tổng quát': ['Điều hòa nhiệt độ', 'Phòng gia đình', 'Cho thuê xe hơi', 'Khu vực xem TV/sảnh chung', 'Sàn lát gạch/đá cẩm thạch'], 'Lối vào dành cho người khuyết tật': ['Xe lăn có thể đi đến mọi nơi trong toàn bộ khuôn viên', 'Hoàn toàn nằm ở tầng trệt'], 'Ngôn ngữ được sử dụng': ['Tiếng Việt']}}"
https://www.booking.com/hotel/vn/khach-san-cuu-long-b-thanh-pho-vinh-long.vi.html,"{'best_facilities': ['Phòng không hút thuốc', 'Phòng gia đình', 'Nhà hàng', 'Bữa sáng', 'Chỗ đỗ xe miễn phí', 'Dịch vụ phòng', 'WiFi miễn phí', 'Xe đưa đón sân bay'], 'all_facilities': {'Phòng tắm': ['Giấy vệ sinh', 'Phòng tắm riêng', 'Dép', 'Nhà vệ sinh', 'Khăn tắm', 'Bồn tắm hoặc Vòi sen', 'Vòi sen', 'Đồ vệ sinh cá nhân miễn phí'], 'Phòng ngủ': ['Ra trải giường', 'Tủ hoặc phòng để quần áo'], 'Ngoài trời': ['Bàn ghế ngoài trời', 'Sân thượng / hiên', 'Sân vườn', 'Sân hiên phơi nắng'], 'Tiện ích trong phòng': ['Ổ điện gần giường', 'Giá phơi quần áo', 'Giá treo quần áo'], 'Hoạt động': ['Lớp dạy nấu ăn - Phụ phí', 'Giải trí buổi tối', 'Tour đi bộ - Phụ phí', 'Tour đi xe đạp - Phụ phí', 'Bữa tối theo chủ đề - Phụ phí', 'Sự kiện thể thao (truyền hình trực tiếp) Ngoài khuôn viên', 'Cho thuê xe đạp - Phụ phí', 'Tour/lớp về văn hóa địa phương - Phụ phí', 'Xe đạp Ngoài khuôn viên'], 'Khu vực phòng khách': ['Ghế sofa', 'Bàn làm việc'], 'Truyền thông & Công nghệ': ['TV', 'TV màn hình phẳng'], 'Đồ ăn & thức uống': ['Nhà hàng', 'Bữa sáng tại phòng', 'Trái cây - Phụ phí', 'Bữa ăn trẻ em - Phụ phí', 'Quán cà phê (trong khuôn viên)', 'Thực đơn ăn kiêng đặc biệt (theo yêu cầu)'], 'Internet': ['Wi-fi có ở toàn bộ khách sạn và miễn phí.'], 'Chỗ đậu xe': ['Có chỗ đỗ xe riêng miễn phí tại chỗ (không cần đặt chỗ trước).'], 'Dịch vụ lễ tân': ['Tủ khóa', 'Có xuất hóa đơn', 'Nhận/trả phòng cấp tốc', 'Thu đổi ngoại tệ', 'Máy ATM/rút tiền trong khuôn viên', 'Bàn bán tour', 'Giữ hành lí', 'Lễ tân 24 giờ'], 'Dịch vụ giải trí và gia đình': ['Xe đẩy', 'Trò chơi Board games/giải đố'], 'Dịch vụ lau dọn': ['Dịch vụ là (ủi) - Phụ phí', 'Dọn phòng hàng ngày', 'Giặt ủi - Phụ phí'], 'Dịch vụ cho doanh nhân': ['Tiện nghi tổ chức hội họp/tiệc - Phụ phí'], 'An ninh': ['Hệ thống CCTV trong khu vực chung', 'Hệ thống CCTV bên ngoài chỗ nghỉ', 'Bảo vệ 24/7', 'Thiết bị báo cháy', 'Báo động an ninh', 'Bình chữa cháy', 'Két an toàn'], 'Tổng quát': ['Điều hòa nhiệt độ', 'Phòng không hút thuốc', 'Thang máy', 'Hiệu cắt tóc/làm đẹp', 'Dịch vụ đưa đón - Phụ phí', 'Phòng không gây dị ứng', 'Phòng cách âm', 'Phòng gia đình', 'Khu vực cho phép hút thuốc', 'Khu vực xem TV/sảnh chung', 'Cấm hút thuốc trong toàn bộ khuôn viên', 'Bữa trưa đóng hộp', 'Dịch vụ phòng', 'Sàn lát gạch/đá cẩm thạch', 'Xe đưa đón sân bay - Phụ phí'], 'Ngôn ngữ được sử dụng': ['Tiếng Anh', 'Tiếng Việt']}}"
https://www.booking.com/hotel/vn/cinderella-home-stay-vinh-long.vi.html,"{'best_facilities': ['Hồ bơi', 'Chỗ đỗ xe miễn phí', 'Máy pha trà/cà phê trong tất cả các phòng', 'WiFi miễn phí', 'Quầy bar'], 'all_facilities': {'Phòng tắm': ['Giấy vệ sinh', 'Máy sấy tóc', 'Nhà vệ sinh', 'Khăn tắm', 'Vòi sen', 'Đồ vệ sinh cá nhân miễn phí'], 'Phòng ngủ': ['Ra trải giường', 'Tủ hoặc phòng để quần áo'], 'Tầm nhìn': ['Tầm nhìn ra khung cảnh'], 'Ngoài trời': ['Ban công', 'Sân thượng / hiên', 'Sân vườn'], 'Nhà bếp': ['Bàn ăn', 'Ấm đun nước điện', 'Đồ bếp', 'Tủ lạnh'], 'Khu vực phòng khách': ['Khu vực phòng ăn'], 'Truyền thông & Công nghệ': ['TV màn hình phẳng'], 'Đồ ăn & thức uống': ['Máy pha trà/cà phê', 'Quầy bar'], 'Internet': ['Wi-fi có ở toàn bộ khách sạn và miễn phí.'], 'Chỗ đậu xe': ['Có chỗ đỗ xe riêng miễn phí tại chỗ (không cần đặt chỗ trước).'], 'Tổng quát': ['Điều hòa nhiệt độ', 'Cấm hút thuốc trong toàn bộ khuôn viên'], 'Hồ bơi': [], 'Ngôn ngữ được sử dụng': ['Tiếng Anh', 'Tiếng Việt']}}"
https://www.booking.com/hotel/vn/lo-lem-home-stay-vinh-long2.vi.html,"{'best_facilities': ['Hồ bơi', 'Bữa sáng', 'Chỗ đỗ xe miễn phí', 'Máy pha trà/cà phê trong tất cả các phòng', 'WiFi miễn phí', 'Quầy bar'], 'all_facilities': {'Phòng tắm': ['Giấy vệ sinh', 'Máy sấy tóc', 'Nhà vệ sinh', 'Khăn tắm', 'Vòi sen', 'Đồ vệ sinh cá nhân miễn phí'], 'Phòng ngủ': ['Ra trải giường', 'Tủ hoặc phòng để quần áo'], 'Tầm nhìn': ['Nhìn ra vườn', 'Tầm nhìn ra khung cảnh'], 'Ngoài trời': ['Sân thượng / hiên', 'Sân vườn'], 'Nhà bếp': ['Bàn ăn', 'Ấm đun nước điện', 'Đồ bếp', 'Tủ lạnh'], 'Khu vực phòng khách': ['Khu vực phòng ăn'], 'Truyền thông & Công nghệ': ['TV màn hình phẳng'], 'Đồ ăn & thức uống': ['Máy pha trà/cà phê', 'Quầy bar'], 'Internet': ['Wi-fi có ở toàn bộ khách sạn và miễn phí.'], 'Chỗ đậu xe': ['Có chỗ đỗ xe riêng miễn phí tại chỗ (không cần đặt chỗ trước).'], 'Tổng quát': ['Điều hòa nhiệt độ', 'Cấm hút thuốc trong toàn bộ khuôn viên'], 'Hồ bơi': [], 'Ngôn ngữ được sử dụng': ['Tiếng Anh', 'Tiếng Việt']}}"
https://www.booking.com/hotel/vn/lo-lem-cinderella-homestay-va-c-nh-long.vi.html,"{'best_facilities': ['Phòng không hút thuốc', 'Tiện nghi cho khách khuyết tật', 'Phòng gia đình', 'Hồ bơi ngoài trời', 'Chỗ đỗ xe miễn phí', 'Dịch vụ phòng', 'WiFi miễn phí', 'Xe đưa đón sân bay', 'Quầy bar'], 'all_facilities': {'Phòng tắm': ['Nhà vệ sinh', 'Khăn tắm', 'Máy sấy tóc'], 'Phòng ngủ': ['Ra trải giường', 'Tủ hoặc phòng để quần áo'], 'Tầm nhìn': ['Nhìn ra vườn', 'Tầm nhìn ra khung cảnh'], 'Ngoài trời': ['Bàn ghế ngoài trời', 'Sân thượng / hiên', 'Sân vườn'], 'Nhà bếp': ['Bàn ăn', 'Đồ bếp', 'Tủ lạnh', 'Ấm đun nước điện', 'Bếp nhỏ', 'Ghế cao dành cho trẻ em'], 'Tiện ích trong phòng': ['Giá treo quần áo'], 'Hoạt động': ['Xe đạp', 'Tour/lớp về văn hóa địa phương - Phụ phí'], 'Khu vực phòng khách': ['Khu vực phòng ăn'], 'Đồ ăn & thức uống': ['Quầy bar'], 'Internet': ['Wi-fi có ở toàn bộ khách sạn và miễn phí.'], 'Chỗ đậu xe': ['Dịch vụ đỗ xe cho khách', 'Bãi đậu xe tiếp cận người khuyết tật'], 'Phương tiện đi lại': ['Vé đi phương tiện công cộng - Phụ phí'], 'Dịch vụ lễ tân': ['Có xuất hóa đơn', 'Nhận/trả phòng cấp tốc', 'Dịch vụ trợ giúp đặc biệt', 'Nhận/trả phòng riêng', 'Giữ hành lí'], 'Dịch vụ giải trí và gia đình': ['Trò chơi Board games/giải đố', 'Thiết bị vui chơi ngoài trời cho trẻ em'], 'An ninh': ['Hệ thống CCTV trong khu vực chung', 'Hệ thống CCTV bên ngoài chỗ nghỉ', 'Báo động an ninh', 'Bảo vệ 24/7'], 'Tổng quát': ['Điều hòa nhiệt độ', 'Phòng không hút thuốc', 'Tiện nghi cho khách khuyết tật', 'Phòng cách âm', 'Phòng gia đình', 'Khu vực cho phép hút thuốc', 'Cấm hút thuốc trong toàn bộ khuôn viên', 'Dịch vụ phòng', 'Xe đưa đón sân bay - Phụ phí', 'Giao nhận đồ tạp hóa', 'Quạt máy'], 'Lối vào dành cho người khuyết tật': ['Bồn rửa mặt thấp hơn', 'Lối vào cho người đi xe lăn', 'Toilet có sàn cao hơn'], 'Hồ bơi ngoài trờiMiễn phí!': ['Mở cửa quanh năm', 'Hồ bơi có tầm nhìn', 'Hàng rào quanh hồ bơi', 'Ghế/ghế dài tắm nắng', 'Khăn hồ bơi/bãi biển', 'Ô (dù) che nắng loại to', 'Dành cho mọi độ tuổi'], 'Chăm sóc sức khỏe': ['Ghế/ghế dài tắm nắng', 'Hồ bơi trẻ em', 'Ô (dù) che nắng loại to'], 'Ngôn ngữ được sử dụng': ['Tiếng Nhật', 'Tiếng Anh', 'Tiếng Việt']}}"
https://www.booking.com/hotel/vn/somo-farm-cuu-long.vi.html,"{'best_facilities': ['Phòng gia đình', 'Nhà hàng', 'Hồ bơi ngoài trời', 'Bữa sáng', 'Chỗ đỗ xe miễn phí', 'Dịch vụ phòng', 'WiFi miễn phí', 'Quầy bar'], 'all_facilities': {'Ngoài trời': ['Bàn ghế ngoài trời', 'Tiện nghi BBQ - Phụ phí', 'Sân hiên phơi nắng', 'Sân thượng / hiên', 'Khu vực picnic', 'Sân vườn'], 'Vật nuôi': ['Vật nuôi được phép theo yêu cầu của khách. Có thể bị tính phí.'], 'Hoạt động': ['Tiện nghi chơi thể thao dưới nước (trong khuôn viên) - Phụ phí', 'Karaoke - Phụ phí', 'Lớp dạy nấu ăn - Phụ phí', 'Xe đạp', 'Biểu diễn/nhạc sống - Phụ phí', 'Tour đi bộ', 'Sự kiện thể thao (truyền hình trực tiếp)', 'Tour đi xe đạp', 'Sân chơi trẻ em', 'Bữa tối theo chủ đề - Phụ phí', 'Giải trí buổi tối - Phụ phí', 'Câu cá - Phụ phí', 'Tour/lớp về văn hóa địa phương - Phụ phí', 'Đi bộ đường dài', 'Cho thuê xe đạp'], 'Đồ ăn & thức uống': ['Quầy bar (đồ ăn nhẹ)', 'Nhà hàng', 'Bữa sáng tại phòng', 'Trái cây - Phụ phí', 'Bữa ăn trẻ em - Phụ phí', 'Quán cà phê (trong khuôn viên)', 'Thực đơn ăn kiêng đặc biệt (theo yêu cầu)', 'Bữa ăn tự chọn phù hợp với trẻ em', 'Quầy bar'], 'Internet': ['Wi-fi có ở toàn bộ khách sạn và miễn phí.'], 'Chỗ đậu xe': ['Có chỗ đỗ xe riêng miễn phí tại chỗ (không cần đặt chỗ trước).'], 'Dịch vụ lễ tân': ['Có xuất hóa đơn', 'Dịch vụ trợ giúp đặc biệt', 'Nhận/trả phòng riêng', 'Nhận/trả phòng cấp tốc - Phụ phí', 'Bàn bán tour', 'Giữ hành lí', 'Lễ tân 24 giờ'], 'Dịch vụ giải trí và gia đình': ['Thiết bị vui chơi ngoài trời cho trẻ em', 'Cửa an toàn cho trẻ nhỏ'], 'Dịch vụ lau dọn': ['Giặt ủi', 'Bàn ủi li quần', 'Dịch vụ là (ủi) - Phụ phí', 'Giặt khô - Phụ phí', 'Dọn phòng hàng ngày'], 'Dịch vụ cho doanh nhân': ['Tiện nghi tổ chức hội họp/tiệc', 'Fax/photocopy - Phụ phí', 'Trung tâm dịch vụ doanh nhân'], 'An ninh': ['Hệ thống CCTV trong khu vực chung', 'Bảo vệ 24/7', 'Thiết bị báo cháy', 'Báo động an ninh', 'Bình chữa cháy', 'Ổ khóa'], 'Tổng quát': ['Điều hòa nhiệt độ', 'Phòng gia đình', 'Khu vực cho phép hút thuốc', 'Cấm hút thuốc trong toàn bộ khuôn viên', 'Dịch vụ phòng', 'Dịch vụ đưa đón', 'Giao nhận đồ tạp hóa'], 'Hồ bơi ngoài trời': [], 'Chăm sóc sức khỏe': ['Phòng tắm chung', 'Ô (dù) che nắng loại to'], 'Ngôn ngữ được sử dụng': ['Tiếng Anh', 'Tiếng Việt']}}"
https://www.booking.com/hotel/vn/ut-quynh-homestay.vi.html,"{'best_facilities': ['Phòng gia đình', 'Nhà hàng', 'Bữa sáng', 'Chỗ đỗ xe miễn phí', 'WiFi miễn phí'], 'all_facilities': {'Phòng tắm': ['Giấy vệ sinh', 'Máy sấy tóc', 'Phòng tắm riêng', 'Toilet chung', 'Dép', 'Nhà vệ sinh', 'Khăn tắm', 'Bồn tắm hoặc Vòi sen', 'Chậu rửa vệ sinh (bidet)', 'Vòi sen', 'Đồ vệ sinh cá nhân miễn phí'], 'Phòng ngủ': ['Ra trải giường', 'Tủ hoặc phòng để quần áo', 'Phòng thay quần áo'], 'Tầm nhìn': ['Nhìn ra vườn', 'Tầm nhìn ra khung cảnh', 'Nhìn ra sông'], 'Ngoài trời': ['Bàn ghế ngoài trời', 'Tiện nghi BBQ - Phụ phí', 'Tiện nghi BBQ', 'Sân thượng / hiên', 'Khu vực ăn uống ngoài trời', 'Sân vườn'], 'Nhà bếp': ['Bàn ăn', 'Bếp chung', 'Bếp', 'Đồ bếp'], 'Tiện ích trong phòng': ['Giá phơi quần áo', 'Giá treo quần áo'], 'Vật nuôi': ['Vật nuôi được phép. Không tính thêm phí.'], 'Hoạt động': ['Biểu diễn/nhạc sống - Phụ phí', 'Đi bộ đường dài - Phụ phíNgoài khuôn viên', 'Lớp dạy nấu ăn', 'Tour đi xe đạp - Phụ phí', 'Tour đi bộ - Phụ phí', 'Bữa tối theo chủ đề - Phụ phí', 'Giải trí buổi tối - Phụ phí', 'Cho thuê xe đạp - Phụ phí', 'Xe đạp Ngoài khuôn viên'], 'Khu vực phòng khách': ['Khu vực phòng ăn'], 'Đồ ăn & thức uống': ['Thực đơn ăn kiêng đặc biệt (theo yêu cầu)', 'Nhà hàng', 'Rượu vang/sâm panh - Phụ phí'], 'Internet': ['Wi-fi có ở toàn bộ khách sạn và miễn phí.'], 'Chỗ đậu xe': ['Dịch vụ đỗ xe cho khách'], 'Dịch vụ': ['Bàn bán tour', 'Dịch vụ đưa đón - Phụ phí', 'Lễ tân 24 giờ'], 'An ninh': ['Bình chữa cháy', 'Ổ khóa'], 'Tổng quát': ['Điều hòa nhiệt độ', 'Phòng gia đình', 'Quạt máy'], 'Chăm sóc sức khỏe': ['Ghế/ghế dài tắm nắng'], 'Ngôn ngữ được sử dụng': ['Tiếng Anh', 'Tiếng Việt', 'Tiếng Pháp']}}"
https://www.booking.com/hotel/vn/ba-hung-homestay-thanh-pho-vinh-long.vi.html,"{'best_facilities': ['Phòng không hút thuốc', 'Phòng gia đình', 'Bữa sáng', 'Chỗ đỗ xe miễn phí', 'WiFi miễn phí', 'Quầy bar'], 'all_facilities': {'Phòng tắm': ['Áo choàng tắm', 'Giấy vệ sinh', 'Máy sấy tóc', 'Phòng tắm riêng', 'Dép', 'Nhà vệ sinh', 'Khăn tắm', 'Chậu rửa vệ sinh (bidet)', 'Vòi sen'], 'Phòng ngủ': ['Ra trải giường', 'Tủ hoặc phòng để quần áo'], 'Tầm nhìn': ['Nhìn ra vườn', 'Tầm nhìn ra khung cảnh'], 'Ngoài trời': ['Ban công', 'Sân thượng / hiên', 'Sân vườn'], 'Nhà bếp': ['Ấm đun nước điện'], 'Vật nuôi': ['Vật nuôi được phép. Không tính thêm phí.'], 'Khu vực phòng khách': ['Khu vực phòng ăn'], 'Đồ ăn & thức uống': ['Quầy bar'], 'Internet': ['Wi-fi có ở toàn bộ khách sạn và miễn phí.'], 'Chỗ đậu xe': ['Có chỗ đỗ xe riêng miễn phí tại chỗ (không cần đặt chỗ trước).'], 'Tổng quát': ['Điều hòa nhiệt độ', 'Phòng gia đình', 'Phòng không hút thuốc'], 'Ngôn ngữ được sử dụng': ['Tiếng Anh']}}"
https://www.booking.com/hotel/vn/sunny-1-vinh-long.vi.html,"{'best_facilities': ['Phòng gia đình', 'Nhà hàng', 'Bữa sáng', 'Chỗ đỗ xe miễn phí', 'Dịch vụ phòng', 'WiFi miễn phí', 'Quầy bar'], 'all_facilities': {'Phòng tắm': ['Khăn tắm/Bộ khăn trải giường (có thu phí)', 'Giấy vệ sinh', 'Máy sấy tóc', 'Phòng tắm riêng', 'Dép', 'Nhà vệ sinh', 'Khăn tắm', 'Bồn tắm hoặc Vòi sen', 'Chậu rửa vệ sinh (bidet)', 'Vòi sen', 'Đồ vệ sinh cá nhân miễn phí'], 'Phòng ngủ': ['Ra trải giường', 'Tủ hoặc phòng để quần áo'], 'Tầm nhìn': ['Tầm nhìn ra khung cảnh'], 'Ngoài trời': ['Bàn ghế ngoài trời', 'Sân vườn'], 'Nhà bếp': ['Ấm đun nước điện', 'Tủ lạnh'], 'Tiện ích trong phòng': ['Ổ điện gần giường', 'Giá treo quần áo'], 'Khu vực phòng khách': ['Bàn làm việc'], 'Truyền thông & Công nghệ': ['TV', 'TV màn hình phẳng'], 'Đồ ăn & thức uống': ['Quán cà phê (trong khuôn viên)', 'Nhà hàng', 'Quầy bar (đồ ăn nhẹ)', 'Quầy bar'], 'Internet': ['Wi-fi có ở toàn bộ khách sạn và miễn phí.'], 'Chỗ đậu xe': ['Có chỗ đỗ xe riêng miễn phí tại chỗ (không cần đặt chỗ trước).'], 'Dịch vụ lễ tân': ['Có xuất hóa đơn', 'Nhận/trả phòng riêng', 'Nhận/trả phòng cấp tốc - Phụ phí', 'Giữ hành lí', 'Lễ tân 24 giờ'], 'Dịch vụ lau dọn': ['Giặt khô - Phụ phí', 'Dịch vụ là (ủi) - Phụ phí', 'Dọn phòng hàng ngày', 'Giặt ủi - Phụ phí'], 'Dịch vụ cho doanh nhân': ['Tiện nghi tổ chức hội họp/tiệc'], 'An ninh': ['Bình chữa cháy', 'Thiết bị báo cháy'], 'Tổng quát': ['Điều hòa nhiệt độ', 'Thang máy', 'Hệ thống cách âm', 'Phòng cách âm', 'Phòng gia đình', 'Khu vực cho phép hút thuốc', 'Cho thuê xe hơi', 'Cấm hút thuốc trong toàn bộ khuôn viên', 'Lối vào riêng', 'Dịch vụ phòng - Phụ phí'], 'Ngôn ngữ được sử dụng': ['Tiếng Anh', 'Tiếng Việt']}}"
https://www.booking.com/hotel/vn/lo-lem-homestay-vinh-long.vi.html,"{'best_facilities': ['Phòng không hút thuốc', 'Phòng gia đình', 'Hồ bơi ngoài trời', 'Chỗ đỗ xe miễn phí', 'WiFi miễn phí', 'Xe đưa đón sân bay'], 'all_facilities': {'Chỗ đậu xe': ['Có chỗ đỗ xe riêng miễn phí tại chỗ (không cần đặt chỗ trước).'], 'Internet': ['Wi-fi có ở toàn bộ khách sạn và miễn phí.'], 'Nhà bếp': ['Máy giặt', 'Bếp', 'Bếp nhỏ'], 'Phòng tắm': ['Phòng tắm riêng'], 'Truyền thông & Công nghệ': ['TV màn hình phẳng'], 'Vật nuôi': ['Vật nuôi được phép. Không tính thêm phí.'], 'Ngoài trời': ['Hồ bơi riêng', 'Ban công', 'Sân thượng / hiên', 'Sân vườn'], 'Hồ bơi ngoài trờiMiễn phí!': ['Mở cửa quanh năm', 'Bể ngâm', 'Hồ bơi có tầm nhìn', 'Mái che hồ bơi', 'Đồ chơi ở hồ bơi', 'Chỗ cạn', 'Ghế/ghế dài tắm nắng', 'Dành cho mọi độ tuổi', 'Ô (dù) che nắng loại to', 'Khăn hồ bơi/bãi biển'], 'Chăm sóc sức khỏe': ['Ghế/ghế dài tắm nắng'], 'Hoạt động': ['Xe đạp Ngoài khuôn viên'], 'Ngoài trời & Tầm nhìn': ['Tầm nhìn ra khung cảnh'], 'Phương tiện đi lại': ['Xe đưa đón sân bay - Phụ phí'], 'Các tiện nghi khác': ['Điều hòa nhiệt độ', 'Phòng gia đình', 'Phòng không hút thuốc'], 'Ngôn ngữ được sử dụng': ['Tiếng Anh', 'Tiếng Việt']}}"
https://www.booking.com/hotel/vn/sala-vinh-long-ecolodge-tam-binh.vi.html,"{'best_facilities': ['Hồ bơi', 'Trung tâm Spa & chăm sóc sức khoẻ', 'Bữa sáng', 'Chỗ đỗ xe miễn phí', 'Máy pha trà/cà phê trong tất cả các phòng', 'Dịch vụ phòng', 'Trung tâm thể dục', 'WiFi miễn phí', 'Dịch vụ đưa đón sân bay (miễn phí)', 'Quầy bar'], 'all_facilities': {'Phòng tắm': ['Khăn tắm/Bộ khăn trải giường (có thu phí)', 'Áo choàng tắm', 'Giấy vệ sinh', 'Máy sấy tóc', 'Phòng tắm riêng', 'Dép', 'Nhà vệ sinh', 'Khăn tắm', 'Chậu rửa vệ sinh (bidet)', 'Vòi sen', 'Đồ vệ sinh cá nhân miễn phí'], 'Phòng ngủ': ['Ra trải giường', 'Tủ hoặc phòng để quần áo'], 'Tầm nhìn': ['Tầm nhìn ra khung cảnh'], 'Ngoài trời': ['Ban công', 'Sân hiên', 'Sân vườn'], 'Nhà bếp': ['Ấm đun nước điện'], 'Tiện ích trong phòng': ['Giá treo quần áo'], 'Vật nuôi': ['Vật nuôi được phép theo yêu cầu của khách. Có thể bị tính phí.'], 'Hoạt động': ['Công viên nước'], 'Khu vực phòng khách': ['Bàn làm việc'], 'Đồ ăn & thức uống': ['Máy pha trà/cà phê', 'Quầy bar'], 'Internet': ['Wi-fi có ở toàn bộ khách sạn và miễn phí.'], 'Chỗ đậu xe': ['Có chỗ đỗ xe riêng miễn phí tại chỗ (không cần đặt chỗ trước).'], 'Dịch vụ': ['Xe đưa đón sân bay', 'Dịch vụ báo thức', 'Dịch vụ phòng', 'Lễ tân 24 giờ'], 'An ninh': ['Két an toàn'], 'Tổng quát': ['Điều hòa nhiệt độ', 'Cấm hút thuốc trong toàn bộ khuôn viên', 'Phòng gia đình'], 'Lối vào dành cho người khuyết tật': ['Hoàn toàn nằm ở tầng trệt'], 'Hồ bơi': [], 'Chăm sóc sức khỏe': ['Trung tâm thể dục', 'Phòng xông hơi', 'Bồn tắm nóng/bể sục (Jacuzzi)', 'Trung tâm Spa & chăm sóc sức khoẻ'], 'Ngôn ngữ được sử dụng': ['Tiếng Anh', 'Tiếng Việt']}}"
https://www.booking.com/hotel/vn/lo-lem-homestay.vi.html,"{'best_facilities': ['Phòng không hút thuốc', 'Phòng gia đình', 'Hồ bơi', 'Bữa sáng', 'Chỗ đỗ xe miễn phí', 'Máy pha trà/cà phê trong tất cả các phòng', 'WiFi miễn phí'], 'all_facilities': {'Phòng tắm': ['Giấy vệ sinh', 'Máy sấy tóc', 'Nhà vệ sinh', 'Khăn tắm', 'Vòi sen', 'Đồ vệ sinh cá nhân miễn phí'], 'Phòng ngủ': ['Ra trải giường', 'Tủ hoặc phòng để quần áo'], 'Tầm nhìn': ['Nhìn ra vườn', 'Tầm nhìn ra khung cảnh'], 'Ngoài trời': ['Ban công', 'Sân thượng / hiên', 'Sân vườn'], 'Nhà bếp': ['Bàn ăn', 'Ấm đun nước điện', 'Đồ bếp', 'Tủ lạnh'], 'Vật nuôi': ['Vật nuôi được phép. Không tính thêm phí.'], 'Khu vực phòng khách': ['Khu vực phòng ăn'], 'Truyền thông & Công nghệ': ['TV màn hình phẳng'], 'Đồ ăn & thức uống': ['Máy pha trà/cà phê'], 'Internet': ['Wi-fi có ở toàn bộ khách sạn và miễn phí.'], 'Chỗ đậu xe': ['Có chỗ đỗ xe riêng miễn phí tại một điểm gần đó (cần đặt chỗ trước).'], 'Tổng quát': ['Điều hòa nhiệt độ', 'Phòng gia đình', 'Phòng không hút thuốc'], 'Hồ bơi': [], 'Ngôn ngữ được sử dụng': ['Tiếng Anh', 'Tiếng Việt']}}"
https://www.booking.com/hotel/vn/homestay-ht.vi.html,"{'best_facilities': ['Chỗ đỗ xe miễn phí', 'Phòng gia đình'], 'all_facilities': {'Chỗ đậu xe': ['Có chỗ đỗ xe riêng miễn phí tại chỗ (không cần đặt chỗ trước).'], 'Internet': ['Internet có dây có ở toàn bộ khách sạn và miễn phí.'], 'Nhà bếp': ['Máy giặt', 'Bàn ăn', 'Đồ bếp', 'Tủ lạnh', 'Ấm đun nước điện', 'Bếp', 'Bếp nhỏ', 'Lò vi sóng', 'Sản phẩm lau rửa'], 'Phòng ngủ': ['Giường cực dài (> 2 mét)', 'Tủ hoặc phòng để quần áo'], 'Phòng tắm': ['Giấy vệ sinh', 'Phòng tắm riêng', 'Toilet chung', 'Phòng tắm chung', 'Nhà vệ sinh', 'Bồn tắm hoặc Vòi sen', 'Vòi sen', 'Phòng tắm phụ'], 'Khu vực phòng khách': ['Khu vực phòng ăn', 'Ghế sofa', 'Khu vực tiếp khách'], 'Truyền thông & Công nghệ': ['TV màn hình phẳng'], 'Tiện ích trong phòng': ['Giá phơi quần áo', 'Giường xếp', 'Giường sofa', 'Ổ điện gần giường', 'Quạt máy'], 'Vật nuôi': ['Vật nuôi được phép. Không tính thêm phí.'], 'Ngoài trời': ['Bàn ghế ngoài trời', 'Sân thượng / hiên', 'Sân vườn'], 'Đồ ăn & thức uống': ['Minibar'], 'Ngoài trời & Tầm nhìn': ['Nhìn ra vườn', 'Tầm nhìn ra khung cảnh'], 'Các tiện nghi khác': ['Điều hòa nhiệt độ', 'Phòng gia đình'], 'Ngôn ngữ được sử dụng': ['Tiếng Việt']}}"
https://www.booking.com/hotel/vn/sala-vinh-long-ecolodge.vi.html,"{'best_facilities': ['Phòng gia đình', 'Hồ bơi', 'Trung tâm Spa & chăm sóc sức khoẻ', 'Bữa sáng', 'Dịch vụ phòng', 'WiFi miễn phí', 'Dịch vụ đưa đón sân bay (miễn phí)', 'Quầy bar'], 'all_facilities': {'Phòng tắm': ['Khăn tắm/Bộ khăn trải giường (có thu phí)', 'Áo choàng tắm', 'Giấy vệ sinh', 'Máy sấy tóc', 'Phòng tắm riêng', 'Dép', 'Nhà vệ sinh', 'Khăn tắm', 'Vòi sen', 'Đồ vệ sinh cá nhân miễn phí'], 'Phòng ngủ': ['Ra trải giường', 'Tủ hoặc phòng để quần áo'], 'Ngoài trời': ['Ban công', 'Sân vườn'], 'Nhà bếp': ['Ấm đun nước điện'], 'Tiện ích trong phòng': ['Giá treo quần áo'], 'Khu vực phòng khách': ['Khu vực phòng ăn', 'Bàn làm việc'], 'Đồ ăn & thức uống': ['Quầy bar'], 'Internet': ['Wi-fi có ở toàn bộ khách sạn và miễn phí.'], 'Chỗ đậu xe': ['Không có chỗ đỗ xe.'], 'Dịch vụ': ['Xe đưa đón sân bay', 'Dịch vụ phòng', 'Lễ tân 24 giờ'], 'Tổng quát': ['Điều hòa nhiệt độ', 'Cấm hút thuốc trong toàn bộ khuôn viên', 'Phòng gia đình'], 'Lối vào dành cho người khuyết tật': ['Hoàn toàn nằm ở tầng trệt'], 'Hồ bơi': [], 'Chăm sóc sức khỏe': ['Phòng xông hơi', 'Trung tâm Spa & chăm sóc sức khoẻ'], 'Ngôn ngữ được sử dụng': ['Tiếng Việt']}}"
https://www.booking.com/hotel/vn/ut-binh-homestay-vinh-long.vi.html,"{'best_facilities': ['Phòng gia đình', 'Nhà hàng', 'Bữa sáng', 'Chỗ đỗ xe miễn phí', 'WiFi miễn phí'], 'all_facilities': {'Phòng tắm': ['Giấy vệ sinh', 'Máy sấy tóc', 'Phòng tắm riêng', 'Toilet chung', 'Dép', 'Nhà vệ sinh', 'Khăn tắm', 'Bồn tắm hoặc Vòi sen', 'Chậu rửa vệ sinh (bidet)', 'Vòi sen', 'Đồ vệ sinh cá nhân miễn phí'], 'Phòng ngủ': ['Ra trải giường', 'Tủ hoặc phòng để quần áo', 'Phòng thay quần áo'], 'Tầm nhìn': ['Nhìn ra vườn', 'Tầm nhìn ra khung cảnh', 'Nhìn ra sông'], 'Ngoài trời': ['Bàn ghế ngoài trời', 'Tiện nghi BBQ - Phụ phí', 'Tiện nghi BBQ', 'Sân trong', 'Sân hiên phơi nắng', 'Sân thượng / hiên', 'Khu vực ăn uống ngoài trời', 'Sân vườn'], 'Nhà bếp': ['Bếp nấu', 'Bàn ăn', 'Bếp chung'], 'Tiện ích trong phòng': ['Ổ điện gần giường', 'Giá phơi quần áo', 'Giá treo quần áo'], 'Vật nuôi': ['Vật nuôi được phép. Không tính thêm phí.'], 'Hoạt động': ['Lớp dạy nấu ăn - Phụ phí', 'Xe đạp', 'Biểu diễn/nhạc sống - Phụ phí', 'Tour đi xe đạp - Phụ phí', 'Tour đi bộ - Phụ phí', 'Đi bộ đường dài - Phụ phí', 'Cho thuê xe đạp - Phụ phí'], 'Khu vực phòng khách': ['Khu vực phòng ăn'], 'Đồ ăn & thức uống': ['Thực đơn ăn kiêng đặc biệt (theo yêu cầu)', 'Nhà hàng', 'Rượu vang/sâm panh - Phụ phí'], 'Internet': ['Wi-fi có ở toàn bộ khách sạn và miễn phí.'], 'Chỗ đậu xe': ['Dịch vụ đỗ xe cho khách'], 'Dịch vụ': ['Nhận/trả phòng riêng', 'Bàn bán tour', 'Dịch vụ đưa đón - Phụ phí'], 'Dịch vụ lễ tân': ['Có xuất hóa đơn'], 'An ninh': ['Bình chữa cháy', 'Ổ khóa'], 'Tổng quát': ['Điều hòa nhiệt độ', 'Phòng gia đình', 'Màn chống muỗi', 'Quạt máy'], 'Chăm sóc sức khỏe': ['Ghế/ghế dài tắm nắng', 'Phòng tắm không gian mở'], 'Ngôn ngữ được sử dụng': ['Tiếng Anh', 'Tiếng Việt', 'Tiếng Pháp']}}"
https://www.booking.com/hotel/vn/nha-nghi-1988-thanh-pho-vinh-long.vi.html,"{'best_facilities': ['Phòng gia đình', 'WiFi miễn phí'], 'all_facilities': {'Phòng tắm': ['Giấy vệ sinh', 'Phòng tắm riêng', 'Nhà vệ sinh', 'Khăn tắm', 'Vòi sen', 'Đồ vệ sinh cá nhân miễn phí'], 'Phòng ngủ': ['Ra trải giường', 'Giường cực dài (> 2 mét)'], 'Ngoài trời': ['Ban công'], 'Nhà bếp': ['Ấm đun nước điện'], 'Tiện ích trong phòng': ['Ổ điện gần giường', 'Giá phơi quần áo', 'Giá treo quần áo'], 'Vật nuôi': ['Vật nuôi được phép theo yêu cầu của khách. Có thể bị tính phí.'], 'Khu vực phòng khách': ['Khu vực tiếp khách'], 'Internet': ['Wi-fi có ở toàn bộ khách sạn và miễn phí.'], 'Chỗ đậu xe': ['Không có chỗ đỗ xe.'], 'Dịch vụ': ['Lễ tân 24 giờ'], 'Tổng quát': ['Điều hòa nhiệt độ', 'Phòng gia đình', 'Cấm hút thuốc trong toàn bộ khuôn viên', 'Lối vào riêng', 'Hệ thống cách âm', 'Quạt máy'], 'Ngôn ngữ được sử dụng': ['Tiếng Việt']}}"
https://www.booking.com/hotel/vn/leu-ngu-khu-du-lich-cho-noi-tra-on.vi.html,"{'best_facilities': None, 'all_facilities': {'Phòng tắm': ['Nhà vệ sinh', 'Vòi sen', 'Giấy vệ sinh'], 'Phòng ngủ': ['Ra trải giường'], 'Tầm nhìn': ['Tầm nhìn ra khung cảnh', 'Nhìn ra sông'], 'Ngoài trời': ['Sân vườn'], 'Hoạt động': ['Bãi biển'], 'Internet': ['Không có truy cập internet.'], 'Chỗ đậu xe': ['Không có chỗ đỗ xe.'], 'Ngôn ngữ được sử dụng': ['Tiếng Việt']}}"
