Url,FAQs
https://www.booking.com/hotel/vn/muong-thanh-homestay.vi.html,"{'Mường Thanh Homestay & Apartment có những loại phòng nào?': 'Lựa chọn phòng tại Mường Thanh Homestay & Apartment bao gồm: Phòng giường đôi, Căn hộ', 'Mường Thanh Homestay & Apartment cách trung tâm Điện Biên Phủ bao xa?': 'Mường Thanh Homestay & Apartment cách trung tâm Điện Biên Phủ 200 m.\nTất cả khoảng cách được đo theo đường thẳng. Khoảng cách di chuyển thực sự có thể khác.', 'Mường Thanh Homestay & Apartment có giờ nhận và trả phòng như thế nào?': 'Mường Thanh Homestay & Apartment có giờ nhận phòng từ 14:00 và giờ trả phòng trước 12:00.', 'Chi phí nghỉ tại Mường Thanh Homestay & Apartment là bao nhiêu?': 'Giá tại Mường Thanh Homestay & Apartment có thể khác nhau tùy vào kỳ nghỉ của bạn (ví dụ: ngày bạn chọn, chính sách khách sạn,v.v.). Vui lòng xem giá bằng cách nhập ngày của bạn.', 'Tôi có thể làm gì ở Mường Thanh Homestay & Apartment?': 'Mường Thanh Homestay & Apartment có những hoạt động/dịch vụ sau (có thể áp dụng phí):'}"
https://www.booking.com/hotel/vn/an-loc-dien-bien-phu.vi.html,"{'An loc hotel cách trung tâm Điện Biên Phủ bao xa?': 'An loc hotel cách trung tâm Điện Biên Phủ 550 m.\nTất cả khoảng cách được đo theo đường thẳng. Khoảng cách di chuyển thực sự có thể khác.', 'Chi phí nghỉ tại An loc hotel là bao nhiêu?': 'Giá tại An loc hotel có thể khác nhau tùy vào kỳ nghỉ của bạn (ví dụ: ngày bạn chọn, chính sách khách sạn,v.v.). Vui lòng xem giá bằng cách nhập ngày của bạn.', 'An loc hotel có giờ nhận và trả phòng như thế nào?': 'An loc hotel có giờ nhận phòng từ 14:00 và giờ trả phòng trước 12:00.', 'An loc hotel có phổ biến với các gia đình không?': 'Có, An loc hotel khá phổ biến đối với khách đặt kỳ nghỉ gia đình.', 'An loc hotel có những loại phòng nào?': 'Lựa chọn phòng tại An loc hotel bao gồm: Phòng giường đôi, Phòng gia đình', 'Tôi có thể làm gì ở An loc hotel?': 'An loc hotel có những hoạt động/dịch vụ sau (có thể áp dụng phí): Sân chơi trẻ em, Cho thuê xe đạp'}"
https://www.booking.com/hotel/vn/thinh-vuong-dien-bien-phu.vi.html,"{'HoTel Thịnh Vượng cách trung tâm Điện Biên Phủ bao xa?': 'Ho, Tel Thịnh Vượng cách trung tâm Điện Biên Phủ 150 m.\nTất cả khoảng cách được đo theo đường thẳng. Khoảng cách di chuyển thực sự có thể khác.', 'Chi phí nghỉ tại HoTel Thịnh Vượng là bao nhiêu?': 'Giá tại Ho, Tel Thịnh Vượng có thể khác nhau tùy vào kỳ nghỉ của bạn (ví dụ: ngày bạn chọn, chính sách khách sạn,v.v.). Vui lòng xem giá bằng cách nhập ngày của bạn.', 'Tôi có thể làm gì ở HoTel Thịnh Vượng?': 'Ho, Tel Thịnh Vượng có những hoạt động/dịch vụ sau (có thể áp dụng phí):', 'HoTel Thịnh Vượng có những loại phòng nào?': 'Lựa chọn phòng tại Ho, Tel Thịnh Vượng bao gồm: Phòng giường đôi/2 giường đơn, Phòng 3 người, Phòng 4 người', 'HoTel Thịnh Vượng có giờ nhận và trả phòng như thế nào?': 'Ho, Tel Thịnh Vượng có giờ nhận phòng từ 12:00 và giờ trả phòng trước 12:00.'}"
https://www.booking.com/hotel/vn/nha-nghi-tam-cuong-dien-bien-phu.vi.html,"{'Nhà nghỉ Tâm Cường cách trung tâm Điện Biên Phủ bao xa?': 'Nhà nghỉ Tâm Cường cách trung tâm Điện Biên Phủ 650 m.\nTất cả khoảng cách được đo theo đường thẳng. Khoảng cách di chuyển thực sự có thể khác.', 'Nhà nghỉ Tâm Cường có giờ nhận và trả phòng như thế nào?': 'Nhà nghỉ Tâm Cường có giờ nhận phòng từ 11:00 và giờ trả phòng trước 14:00.', 'Nhà nghỉ Tâm Cường có những loại phòng nào?': 'Lựa chọn phòng tại Nhà nghỉ Tâm Cường bao gồm: Phòng giường đôi/2 giường đơn, Phòng giường đôi, Phòng gia đình', 'Tôi có thể làm gì ở Nhà nghỉ Tâm Cường?': 'Nhà nghỉ Tâm Cường có những hoạt động/dịch vụ sau (có thể áp dụng phí): Đi bộ đường dài', 'Chi phí nghỉ tại Nhà nghỉ Tâm Cường là bao nhiêu?': 'Giá tại Nhà nghỉ Tâm Cường có thể khác nhau tùy vào kỳ nghỉ của bạn (ví dụ: ngày bạn chọn, chính sách khách sạn,v.v.). Vui lòng xem giá bằng cách nhập ngày của bạn.'}"
https://www.booking.com/hotel/vn/minh-thuy-32-nguyen-chi-thanh-dien-bien-by-bay-luxury.vi.html,"{'Tôi có thể làm gì ở Minh Thủy Hotel - 32 Nguyễn Chí Thanh, DB - by BAY LUXURY?': 'Minh Thủy Hotel - 32 Nguyễn Chí Thanh, D, B - by B, A, Y L, U, X, U, R, Y có những hoạt động/dịch vụ sau (có thể áp dụng phí):', 'Chi phí nghỉ tại Minh Thủy Hotel - 32 Nguyễn Chí Thanh, DB - by BAY LUXURY là bao nhiêu?': 'Giá tại Minh Thủy Hotel - 32 Nguyễn Chí Thanh, D, B - by B, A, Y L, U, X, U, R, Y có thể khác nhau tùy vào kỳ nghỉ của bạn (ví dụ: ngày bạn chọn, chính sách khách sạn,v.v.). Vui lòng xem giá bằng cách nhập ngày của bạn.', 'Minh Thủy Hotel - 32 Nguyễn Chí Thanh, DB - by BAY LUXURY cách trung tâm Điện Biên Phủ bao xa?': 'Minh Thủy Hotel - 32 Nguyễn Chí Thanh, D, B - by B, A, Y L, U, X, U, R, Y cách trung tâm Điện Biên Phủ 600 m.\nTất cả khoảng cách được đo theo đường thẳng. Khoảng cách di chuyển thực sự có thể khác.', 'Minh Thủy Hotel - 32 Nguyễn Chí Thanh, DB - by BAY LUXURY có giờ nhận và trả phòng như thế nào?': 'Minh Thủy Hotel - 32 Nguyễn Chí Thanh, D, B - by B, A, Y L, U, X, U, R, Y có giờ nhận phòng từ 14:00 và giờ trả phòng trước 12:00.'}"
https://www.booking.com/hotel/vn/khach-san-nam-rom.vi.html,"{'Khách sạn Nậm Rốm có những loại phòng nào?': 'Lựa chọn phòng tại Khách sạn Nậm Rốm bao gồm: Phòng 3 người, Phòng 2 giường đơn ', 'Chi phí nghỉ tại Khách sạn Nậm Rốm là bao nhiêu?': 'Giá tại Khách sạn Nậm Rốm có thể khác nhau tùy vào kỳ nghỉ của bạn (ví dụ: ngày bạn chọn, chính sách khách sạn,v.v.). Vui lòng xem giá bằng cách nhập ngày của bạn.', 'Tôi có thể làm gì ở Khách sạn Nậm Rốm?': 'Khách sạn Nậm Rốm có những hoạt động/dịch vụ sau (có thể áp dụng phí): Trung tâm Spa & chăm sóc sức khoẻPhòng xông hơi, Massage, Mát-xa chân, Phòng xông hơi ướt, Mát-xa toàn thân, Tiện Nghi Spa, Mát-xa đầu, Mát-xa lưng, Mát-xa dành cho cặp đôi, Gói spa/chăm sóc sức khỏe, Mát-xa tay, Mát-xa cổ', 'Khách sạn Nậm Rốm có giờ nhận và trả phòng như thế nào?': 'Khách sạn Nậm Rốm có giờ nhận phòng từ 14:00 và giờ trả phòng trước 00:00.', 'Khách sạn Nậm Rốm cách trung tâm Điện Biên Phủ bao xa?': 'Khách sạn Nậm Rốm cách trung tâm Điện Biên Phủ 700 m.\nTất cả khoảng cách được đo theo đường thẳng. Khoảng cách di chuyển thực sự có thể khác.'}"
https://www.booking.com/hotel/vn/a1-dien-bien-phu-dien-bien-phu.vi.html,"{'A1 Hotel - Dien Bien Phu cách trung tâm Điện Biên Phủ bao xa?': 'A1 Hotel - Dien Bien Phu cách trung tâm Điện Biên Phủ 350 m.\nTất cả khoảng cách được đo theo đường thẳng. Khoảng cách di chuyển thực sự có thể khác.', 'A1 Hotel - Dien Bien Phu có giờ nhận và trả phòng như thế nào?': 'A1 Hotel - Dien Bien Phu có giờ nhận phòng từ 14:00 và giờ trả phòng trước 12:00.', 'A1 Hotel - Dien Bien Phu có nhà hàng trong khuôn viên không?': 'A1 Hotel - Dien Bien Phu có 1 nhà hàng: Nhà hàng #1', 'A1 Hotel - Dien Bien Phu có những loại phòng nào?': 'Lựa chọn phòng tại A1 Hotel - Dien Bien Phu bao gồm: Phòng 2 giường đơn Phòng giường đôi, Phòng 3 người, Phòng 4 người, Suite', 'Chi phí nghỉ tại A1 Hotel - Dien Bien Phu là bao nhiêu?': 'Giá tại A1 Hotel - Dien Bien Phu có thể khác nhau tùy vào kỳ nghỉ của bạn (ví dụ: ngày bạn chọn, chính sách khách sạn,v.v.). Vui lòng xem giá bằng cách nhập ngày của bạn.', 'Tôi có thể làm gì ở A1 Hotel - Dien Bien Phu?': 'A1 Hotel - Dien Bien Phu có những hoạt động/dịch vụ sau (có thể áp dụng phí): Phòng xông hơi, Massage, Mát-xa toàn thân, Phòng xông hơi ướt, Mát-xa đầu'}"
https://www.booking.com/hotel/vn/victori-guest-house-nha-nghi-duc-thang.vi.html,"{'Duc Thang Guest House (Nhà Nghỉ Đức Thắng) có giờ nhận và trả phòng như thế nào?': 'Duc Thang Guest House (Nhà Nghỉ Đức Thắng) có giờ nhận phòng từ 00:00 và giờ trả phòng trước 11:30.', 'Tôi có thể làm gì ở Duc Thang Guest House (Nhà Nghỉ Đức Thắng)?': 'Duc Thang Guest House (Nhà Nghỉ Đức Thắng) có những hoạt động/dịch vụ sau (có thể áp dụng phí): Massage, Mát-xa dành cho cặp đôi, Mát-xa cổ, Mát-xa tay, Dịch vụ ngâm chân, Mát-xa đầu, Mát-xa chân, Mát-xa toàn thân, Cho thuê xe đạp, Mát-xa lưng', 'Duc Thang Guest House (Nhà Nghỉ Đức Thắng) cách trung tâm Điện Biên Phủ bao xa?': 'Duc Thang Guest House (Nhà Nghỉ Đức Thắng) cách trung tâm Điện Biên Phủ 1 km.\nTất cả khoảng cách được đo theo đường thẳng. Khoảng cách di chuyển thực sự có thể khác.', 'Duc Thang Guest House (Nhà Nghỉ Đức Thắng) có phục vụ dạng bữa sáng nào?': 'Khách lưu trú tại Duc Thang Guest House (Nhà Nghỉ Đức Thắng) có thể tận hưởng bữa sáng được đánh giá cao trong kỳ nghỉ của họ (điểm đánh giá của khách: 6.2)\n\nLựa chọn bữa sáng bao gồm: Thực đơn chay, Thực đơn chay không trứng, sữa, Kiểu Á, Gọi món (à la carte)Bữa sáng mang đi', 'Chi phí nghỉ tại Duc Thang Guest House (Nhà Nghỉ Đức Thắng) là bao nhiêu?': 'Giá tại Duc Thang Guest House (Nhà Nghỉ Đức Thắng) có thể khác nhau tùy vào kỳ nghỉ của bạn (ví dụ: ngày bạn chọn, chính sách khách sạn,v.v.). Vui lòng xem giá bằng cách nhập ngày của bạn.', 'Duc Thang Guest House (Nhà Nghỉ Đức Thắng) có những loại phòng nào?': 'Lựa chọn phòng tại Duc Thang Guest House (Nhà Nghỉ Đức Thắng) bao gồm: Phòng giường đôi/2 giường đơn, Phòng giường đôi, Phòng 4 người, Phòng gia đình'}"
https://www.booking.com/hotel/vn/pharma.vi.html,"{'Pharma Hotel có những loại phòng nào?': 'Lựa chọn phòng tại Pharma Hotel bao gồm: Phòng giường đôi, Phòng 2 giường đơn Phòng 3 người', 'Pharma Hotel có giờ nhận và trả phòng như thế nào?': 'Pharma Hotel có giờ nhận phòng từ 14:00 và giờ trả phòng trước 12:00.', 'Tôi có thể làm gì ở Pharma Hotel?': 'Pharma Hotel có những hoạt động/dịch vụ sau (có thể áp dụng phí):', 'Pharma Hotel cách trung tâm Điện Biên Phủ bao xa?': 'Pharma Hotel cách trung tâm Điện Biên Phủ 700 m.\nTất cả khoảng cách được đo theo đường thẳng. Khoảng cách di chuyển thực sự có thể khác.', 'Chi phí nghỉ tại Pharma Hotel là bao nhiêu?': 'Giá tại Pharma Hotel có thể khác nhau tùy vào kỳ nghỉ của bạn (ví dụ: ngày bạn chọn, chính sách khách sạn,v.v.). Vui lòng xem giá bằng cách nhập ngày của bạn.'}"
https://www.booking.com/hotel/vn/a-thia-homestay.vi.html,"{'A Thía homestay cách trung tâm Điện Biên Phủ bao xa?': 'A Thía homestay cách trung tâm Điện Biên Phủ 1,9 km.\nTất cả khoảng cách được đo theo đường thẳng. Khoảng cách di chuyển thực sự có thể khác.', 'Chi phí nghỉ tại A Thía homestay là bao nhiêu?': 'Giá tại A Thía homestay có thể khác nhau tùy vào kỳ nghỉ của bạn (ví dụ: ngày bạn chọn, chính sách khách sạn,v.v.). Vui lòng xem giá bằng cách nhập ngày của bạn.', 'Tôi có thể làm gì ở A Thía homestay?': 'A Thía homestay có những hoạt động/dịch vụ sau (có thể áp dụng phí): Bóng bàn, Tour đi bộ, Tour/lớp về văn hóa địa phương, Cho thuê xe đạp, Tour đi xe đạp, Hồ bơi, Biểu diễn/nhạc sống, Thiết bị dành cho cầu lông', 'A Thía homestay có giờ nhận và trả phòng như thế nào?': 'A Thía homestay có giờ nhận phòng từ 13:00 và giờ trả phòng trước 11:00.', 'A Thía homestay có hồ bơi không?': 'Có, khách sạn này có hồ bơi. Tìm hiểu chi tiết về hồ bơi và các tiện nghi khác trong trang này.'}"
https://www.booking.com/hotel/vn/muong-thanh-dien-bien.vi.html,"{'Mường Thanh Grand Dien Bien Phu Hotel có giờ nhận và trả phòng như thế nào?': 'Mường Thanh Grand Dien Bien Phu Hotel có giờ nhận phòng từ 14:00 và giờ trả phòng trước 12:00.', 'Mường Thanh Grand Dien Bien Phu Hotel có phổ biến với các gia đình không?': 'Có, Mường Thanh Grand Dien Bien Phu Hotel khá phổ biến đối với khách đặt kỳ nghỉ gia đình.', 'Mường Thanh Grand Dien Bien Phu Hotel cách trung tâm Điện Biên Phủ bao xa?': 'Mường Thanh Grand Dien Bien Phu Hotel cách trung tâm Điện Biên Phủ 1,8 km.\nTất cả khoảng cách được đo theo đường thẳng. Khoảng cách di chuyển thực sự có thể khác.', 'Mường Thanh Grand Dien Bien Phu Hotel có nhà hàng trong khuôn viên không?': 'Mường Thanh Grand Dien Bien Phu Hotel có 1 nhà hàng: Muong Phang', 'Mường Thanh Grand Dien Bien Phu Hotel có những loại phòng nào?': 'Lựa chọn phòng tại Mường Thanh Grand Dien Bien Phu Hotel bao gồm: Suite, Phòng 2 giường đơn Phòng giường đôi', 'Mường Thanh Grand Dien Bien Phu Hotel có phục vụ dạng bữa sáng nào?': 'Khách lưu trú tại Mường Thanh Grand Dien Bien Phu Hotel có thể tận hưởng bữa sáng được đánh giá cao trong kỳ nghỉ của họ (điểm đánh giá của khách: 6.2)\n\nLựa chọn bữa sáng bao gồm: Tự chọn', 'Tôi có thể làm gì ở Mường Thanh Grand Dien Bien Phu Hotel?': 'Mường Thanh Grand Dien Bien Phu Hotel có những hoạt động/dịch vụ sau (có thể áp dụng phí): Trung tâm Spa & chăm sóc sức khoẻPhòng xông hơi, Massage, Dịch vụ ngâm chân, Tiện Nghi Spa, Ghế mát-xa, Hồ bơi, Gói spa/chăm sóc sức khỏe, Khu vực thư giãn/spa lounge', 'Chi phí nghỉ tại Mường Thanh Grand Dien Bien Phu Hotel là bao nhiêu?': 'Giá tại Mường Thanh Grand Dien Bien Phu Hotel có thể khác nhau tùy vào kỳ nghỉ của bạn (ví dụ: ngày bạn chọn, chính sách khách sạn,v.v.). Vui lòng xem giá bằng cách nhập ngày của bạn.', 'Mường Thanh Grand Dien Bien Phu Hotel có hồ bơi không?': 'Có, khách sạn này có hồ bơi. Tìm hiểu chi tiết về hồ bơi và các tiện nghi khác trong trang này.'}"
https://www.booking.com/hotel/vn/khach-san-pha-din.vi.html,"{'Chi phí nghỉ tại Khách sạn Pha Đin là bao nhiêu?': 'Giá tại Khách sạn Pha Đin có thể khác nhau tùy vào kỳ nghỉ của bạn (ví dụ: ngày bạn chọn, chính sách khách sạn,v.v.). Vui lòng xem giá bằng cách nhập ngày của bạn.', 'Tôi có thể làm gì ở Khách sạn Pha Đin?': 'Khách sạn Pha Đin có những hoạt động/dịch vụ sau (có thể áp dụng phí):', 'Khách sạn Pha Đin cách trung tâm Điện Biên Phủ bao xa?': 'Khách sạn Pha Đin cách trung tâm Điện Biên Phủ 1 km.\nTất cả khoảng cách được đo theo đường thẳng. Khoảng cách di chuyển thực sự có thể khác.', 'Khách sạn Pha Đin có những loại phòng nào?': 'Lựa chọn phòng tại Khách sạn Pha Đin bao gồm: Phòng giường đôi', 'Khách sạn Pha Đin có giờ nhận và trả phòng như thế nào?': 'Khách sạn Pha Đin có giờ nhận phòng từ 14:00 và giờ trả phòng trước 12:00.'}"
https://www.booking.com/hotel/vn/tuan-minh-guest-house.vi.html,"{'Tuan Minh Guest House có những loại phòng nào?': 'Lựa chọn phòng tại Tuan Minh Guest House bao gồm: Phòng giường đôi, Phòng 2 giường đơn ', 'Tuan Minh Guest House có giờ nhận và trả phòng như thế nào?': 'Tuan Minh Guest House có giờ nhận phòng từ 07:00 và giờ trả phòng trước 12:00.', 'Tuan Minh Guest House cách trung tâm Điện Biên Phủ bao xa?': 'Tuan Minh Guest House cách trung tâm Điện Biên Phủ 1 km.\nTất cả khoảng cách được đo theo đường thẳng. Khoảng cách di chuyển thực sự có thể khác.', 'Chi phí nghỉ tại Tuan Minh Guest House là bao nhiêu?': 'Giá tại Tuan Minh Guest House có thể khác nhau tùy vào kỳ nghỉ của bạn (ví dụ: ngày bạn chọn, chính sách khách sạn,v.v.). Vui lòng xem giá bằng cách nhập ngày của bạn.', 'Tôi có thể làm gì ở Tuan Minh Guest House?': 'Tuan Minh Guest House có những hoạt động/dịch vụ sau (có thể áp dụng phí):'}"
https://www.booking.com/hotel/vn/hoang-long-dien-bien-phu1.vi.html,"{'HOTEL Hoàng Long cách trung tâm Điện Biên Phủ bao xa?': 'H, O, T, E, L Hoàng Long cách trung tâm Điện Biên Phủ 1,2 km.\nTất cả khoảng cách được đo theo đường thẳng. Khoảng cách di chuyển thực sự có thể khác.', 'Tôi có thể làm gì ở HOTEL Hoàng Long?': 'H, O, T, E, L Hoàng Long có những hoạt động/dịch vụ sau (có thể áp dụng phí):', 'HOTEL Hoàng Long có giờ nhận và trả phòng như thế nào?': 'H, O, T, E, L Hoàng Long có giờ nhận phòng từ 12:00 và giờ trả phòng trước 23:00.', 'HOTEL Hoàng Long có những loại phòng nào?': 'Lựa chọn phòng tại H, O, T, E, L Hoàng Long bao gồm: Phòng giường đôi, Phòng gia đình', 'Chi phí nghỉ tại HOTEL Hoàng Long là bao nhiêu?': 'Giá tại H, O, T, E, L Hoàng Long có thể khác nhau tùy vào kỳ nghỉ của bạn (ví dụ: ngày bạn chọn, chính sách khách sạn,v.v.). Vui lòng xem giá bằng cách nhập ngày của bạn.'}"
https://www.booking.com/hotel/vn/hung-ha-dien-bien-by-bay-luxury.vi.html,"{'Hưng Hà Hotel DB - by BAY LUXURY cách trung tâm Điện Biên Phủ bao xa?': 'Hưng Hà Hotel D, B - by B, A, Y L, U, X, U, R, Y cách trung tâm Điện Biên Phủ 1 km.\nTất cả khoảng cách được đo theo đường thẳng. Khoảng cách di chuyển thực sự có thể khác.', 'Hưng Hà Hotel DB - by BAY LUXURY có giờ nhận và trả phòng như thế nào?': 'Hưng Hà Hotel D, B - by B, A, Y L, U, X, U, R, Y có giờ nhận phòng từ 14:00 và giờ trả phòng trước 12:00.', 'Hưng Hà Hotel DB - by BAY LUXURY có những loại phòng nào?': 'Lựa chọn phòng tại Hưng Hà Hotel D, B - by B, A, Y L, U, X, U, R, Y bao gồm: Phòng giường đôi, Phòng 4 người', 'Tôi có thể làm gì ở Hưng Hà Hotel DB - by BAY LUXURY?': 'Hưng Hà Hotel D, B - by B, A, Y L, U, X, U, R, Y có những hoạt động/dịch vụ sau (có thể áp dụng phí):', 'Chi phí nghỉ tại Hưng Hà Hotel DB - by BAY LUXURY là bao nhiêu?': 'Giá tại Hưng Hà Hotel D, B - by B, A, Y L, U, X, U, R, Y có thể khác nhau tùy vào kỳ nghỉ của bạn (ví dụ: ngày bạn chọn, chính sách khách sạn,v.v.). Vui lòng xem giá bằng cách nhập ngày của bạn.'}"
https://www.booking.com/hotel/vn/homstay-muong-troi.vi.html,"{'Homestay Mường Trời cách trung tâm Điện Biên Phủ bao xa?': 'Homestay Mường Trời cách trung tâm Điện Biên Phủ 250 m.\nTất cả khoảng cách được đo theo đường thẳng. Khoảng cách di chuyển thực sự có thể khác.', 'Chi phí nghỉ tại Homestay Mường Trời là bao nhiêu?': 'Giá tại Homestay Mường Trời có thể khác nhau tùy vào kỳ nghỉ của bạn (ví dụ: ngày bạn chọn, chính sách khách sạn,v.v.). Vui lòng xem giá bằng cách nhập ngày của bạn.', 'Tôi có thể làm gì ở Homestay Mường Trời?': 'Homestay Mường Trời có những hoạt động/dịch vụ sau (có thể áp dụng phí):', 'Homestay Mường Trời có giờ nhận và trả phòng như thế nào?': 'Homestay Mường Trời có giờ nhận phòng từ 13:00 và giờ trả phòng trước 12:00.', 'Homestay Mường Trời có những loại phòng nào?': 'Lựa chọn phòng tại Homestay Mường Trời bao gồm: Phòng giường đôi, Phòng gia đình'}"
https://www.booking.com/hotel/vn/khach-san-nhu-ngoc-thanh-pho-dien-bien-phu.vi.html,"{'Tôi có thể làm gì ở Nhà nghỉ Như Ngọc?': 'Nhà nghỉ Như Ngọc có những hoạt động/dịch vụ sau (có thể áp dụng phí):', 'Chi phí nghỉ tại Nhà nghỉ Như Ngọc là bao nhiêu?': 'Giá tại Nhà nghỉ Như Ngọc có thể khác nhau tùy vào kỳ nghỉ của bạn (ví dụ: ngày bạn chọn, chính sách khách sạn,v.v.). Vui lòng xem giá bằng cách nhập ngày của bạn.', 'Nhà nghỉ Như Ngọc cách trung tâm Điện Biên Phủ bao xa?': 'Nhà nghỉ Như Ngọc cách trung tâm Điện Biên Phủ 1 km.\nTất cả khoảng cách được đo theo đường thẳng. Khoảng cách di chuyển thực sự có thể khác.', 'Nhà nghỉ Như Ngọc có giờ nhận và trả phòng như thế nào?': 'Nhà nghỉ Như Ngọc có giờ nhận phòng từ 12:00 và giờ trả phòng trước 12:00.', 'Nhà nghỉ Như Ngọc có những loại phòng nào?': 'Lựa chọn phòng tại Nhà nghỉ Như Ngọc bao gồm: Phòng gia đình'}"
https://www.booking.com/hotel/vn/phuong-nam-dien-bien-phu.vi.html,"{'Phuong Nam Hotel có những loại phòng nào?': 'Lựa chọn phòng tại Phuong Nam Hotel bao gồm: Phòng giường đôi, Phòng 2 giường đơn Phòng 3 người, Phòng gia đình', 'Phuong Nam Hotel có giờ nhận và trả phòng như thế nào?': 'Phuong Nam Hotel có giờ nhận phòng từ 14:00 và giờ trả phòng trước 12:00.', 'Chi phí nghỉ tại Phuong Nam Hotel là bao nhiêu?': 'Giá tại Phuong Nam Hotel có thể khác nhau tùy vào kỳ nghỉ của bạn (ví dụ: ngày bạn chọn, chính sách khách sạn,v.v.). Vui lòng xem giá bằng cách nhập ngày của bạn.', 'Phuong Nam Hotel cách trung tâm Điện Biên Phủ bao xa?': 'Phuong Nam Hotel cách trung tâm Điện Biên Phủ 950 m.\nTất cả khoảng cách được đo theo đường thẳng. Khoảng cách di chuyển thực sự có thể khác.', 'Tôi có thể làm gì ở Phuong Nam Hotel?': 'Phuong Nam Hotel có những hoạt động/dịch vụ sau (có thể áp dụng phí): Cho thuê xe đạp'}"
https://www.booking.com/hotel/vn/nha-nghi-quan-an.vi.html,"{'Nhà nghỉ Quân An có những loại phòng nào?': 'Lựa chọn phòng tại Nhà nghỉ Quân An bao gồm: Phòng giường đôi, Phòng gia đình', 'Chi phí nghỉ tại Nhà nghỉ Quân An là bao nhiêu?': 'Giá tại Nhà nghỉ Quân An có thể khác nhau tùy vào kỳ nghỉ của bạn (ví dụ: ngày bạn chọn, chính sách khách sạn,v.v.). Vui lòng xem giá bằng cách nhập ngày của bạn.', 'Nhà nghỉ Quân An cách trung tâm Điện Biên Phủ bao xa?': 'Nhà nghỉ Quân An cách trung tâm Điện Biên Phủ 450 m.\nTất cả khoảng cách được đo theo đường thẳng. Khoảng cách di chuyển thực sự có thể khác.', 'Tôi có thể làm gì ở Nhà nghỉ Quân An?': 'Nhà nghỉ Quân An có những hoạt động/dịch vụ sau (có thể áp dụng phí):', 'Nhà nghỉ Quân An có giờ nhận và trả phòng như thế nào?': 'Nhà nghỉ Quân An có giờ nhận phòng từ 12:00 và giờ trả phòng trước 12:00.'}"
https://www.booking.com/hotel/vn/dong-tham.vi.html,"{'Đông Thắm Hotel có giờ nhận và trả phòng như thế nào?': 'Đông Thắm Hotel có giờ nhận phòng từ 14:00 và giờ trả phòng trước 18:00.', 'Đông Thắm Hotel cách trung tâm Điện Biên Phủ bao xa?': 'Đông Thắm Hotel cách trung tâm Điện Biên Phủ 250 m.\nTất cả khoảng cách được đo theo đường thẳng. Khoảng cách di chuyển thực sự có thể khác.', 'Đông Thắm Hotel có nhà hàng trong khuôn viên không?': 'Đông Thắm Hotel có 1 nhà hàng: Nhà hàng #1', 'Tôi có thể làm gì ở Đông Thắm Hotel?': 'Đông Thắm Hotel có những hoạt động/dịch vụ sau (có thể áp dụng phí): Trung tâm Spa & chăm sóc sức khoẻMassage, Khu vực thư giãn/spa lounge, Chăm sóc tóc, Mát-xa tay, Dịch Vụ Làm Đẹp, Mát-xa cổ, Tiện Nghi Spa, Mát-xa toàn thân, Chăm sóc da mặt, Mát-xa lưng, Mát-xa chân', 'Đông Thắm Hotel có những loại phòng nào?': 'Lựa chọn phòng tại Đông Thắm Hotel bao gồm: Phòng giường đôi, Phòng giường đôi/2 giường đơn, Suite', 'Chi phí nghỉ tại Đông Thắm Hotel là bao nhiêu?': 'Giá tại Đông Thắm Hotel có thể khác nhau tùy vào kỳ nghỉ của bạn (ví dụ: ngày bạn chọn, chính sách khách sạn,v.v.). Vui lòng xem giá bằng cách nhập ngày của bạn.'}"
https://www.booking.com/hotel/vn/eco-rose-homestay.vi.html,"{'Eco Rose Homestay có nhà hàng trong khuôn viên không?': 'Eco Rose Homestay có 1 nhà hàng: Restaurant #1', 'Eco Rose Homestay có giờ nhận và trả phòng như thế nào?': 'Eco Rose Homestay có giờ nhận phòng từ 14:00 và giờ trả phòng trước 12:00.', 'Chi phí nghỉ tại Eco Rose Homestay là bao nhiêu?': 'Giá tại Eco Rose Homestay có thể khác nhau tùy vào kỳ nghỉ của bạn (ví dụ: ngày bạn chọn, chính sách khách sạn,v.v.). Vui lòng xem giá bằng cách nhập ngày của bạn.', 'Eco Rose Homestay cách trung tâm Điện Biên Phủ bao xa?': 'Eco Rose Homestay cách trung tâm Điện Biên Phủ 1,2 km.\nTất cả khoảng cách được đo theo đường thẳng. Khoảng cách di chuyển thực sự có thể khác.', 'Tôi có thể làm gì ở Eco Rose Homestay?': 'Eco Rose Homestay có những hoạt động/dịch vụ sau (có thể áp dụng phí):', 'Eco Rose Homestay có những loại phòng nào?': 'Lựa chọn phòng tại Eco Rose Homestay bao gồm: Phòng 4 người, Giường trong phòng tập thể'}"
https://www.booking.com/hotel/vn/nha-anh-suu-tha-nh-pha-aia-n-biaan-pha-ss.vi.html,"{'Chi phí nghỉ tại Homestay Anh Sửu là bao nhiêu?': 'Giá tại Homestay Anh Sửu có thể khác nhau tùy vào kỳ nghỉ của bạn (ví dụ: ngày bạn chọn, chính sách khách sạn,v.v.). Vui lòng xem giá bằng cách nhập ngày của bạn.', 'Tôi có thể làm gì ở Homestay Anh Sửu?': 'Homestay Anh Sửu có những hoạt động/dịch vụ sau (có thể áp dụng phí):', 'Homestay Anh Sửu cách trung tâm Điện Biên Phủ bao xa?': 'Homestay Anh Sửu cách trung tâm Điện Biên Phủ 450 m.\nTất cả khoảng cách được đo theo đường thẳng. Khoảng cách di chuyển thực sự có thể khác.', 'Homestay Anh Sửu có giờ nhận và trả phòng như thế nào?': 'Homestay Anh Sửu có giờ nhận phòng từ 06:00 và giờ trả phòng trước 14:00.'}"
https://www.booking.com/hotel/vn/homestay-minh-ngoc-dien-bien-phu.vi.html,"{'Homestay Minh Ngọc có giờ nhận và trả phòng như thế nào?': 'Homestay Minh Ngọc có giờ nhận phòng từ 15:00 và giờ trả phòng trước 11:00.', 'Homestay Minh Ngọc có nhà hàng trong khuôn viên không?': 'Homestay Minh Ngọc có 1 nhà hàng: Nhà hàng #1', 'Homestay Minh Ngọc cách trung tâm Điện Biên Phủ bao xa?': 'Homestay Minh Ngọc cách trung tâm Điện Biên Phủ 2,8 km.\nTất cả khoảng cách được đo theo đường thẳng. Khoảng cách di chuyển thực sự có thể khác.', 'Chi phí nghỉ tại Homestay Minh Ngọc là bao nhiêu?': 'Giá tại Homestay Minh Ngọc có thể khác nhau tùy vào kỳ nghỉ của bạn (ví dụ: ngày bạn chọn, chính sách khách sạn,v.v.). Vui lòng xem giá bằng cách nhập ngày của bạn.', 'Homestay Minh Ngọc có những loại phòng nào?': 'Lựa chọn phòng tại Homestay Minh Ngọc bao gồm: Phòng giường đôi', 'Tôi có thể làm gì ở Homestay Minh Ngọc?': 'Homestay Minh Ngọc có những hoạt động/dịch vụ sau (có thể áp dụng phí): Xe đạp, Đi bộ đường dài, Câu cáKaraoke, Giải trí buổi tối, Giờ vàng, Bắn cung, Tour đi xe đạp, Dịch vụ ngâm chân, Lớp dạy nấu ăn, Phòng tắm chung, Nhảy/khám phá bar, Cho thuê xe đạp, Tour/lớp về văn hóa địa phương, Bữa tối theo chủ đề, Biểu diễn/nhạc sống, Tour đi bộ'}"
https://www.booking.com/hotel/vn/502-san-bay-dien-bien.vi.html,"{'Tôi có thể làm gì ở 502 Sân Bay Điện Biên?': '502 Sân Bay Điện Biên có những hoạt động/dịch vụ sau (có thể áp dụng phí):', '502 Sân Bay Điện Biên có giờ nhận và trả phòng như thế nào?': '502 Sân Bay Điện Biên có giờ nhận phòng từ 15:00 và giờ trả phòng trước 12:00.', 'Chi phí nghỉ tại 502 Sân Bay Điện Biên là bao nhiêu?': 'Giá tại 502 Sân Bay Điện Biên có thể khác nhau tùy vào kỳ nghỉ của bạn (ví dụ: ngày bạn chọn, chính sách khách sạn,v.v.). Vui lòng xem giá bằng cách nhập ngày của bạn.', '502 Sân Bay Điện Biên cách trung tâm Điện Biên Phủ bao xa?': '502 Sân Bay Điện Biên cách trung tâm Điện Biên Phủ 2,2 km.\nTất cả khoảng cách được đo theo đường thẳng. Khoảng cách di chuyển thực sự có thể khác.', '502 Sân Bay Điện Biên có những loại phòng nào?': 'Lựa chọn phòng tại 502 Sân Bay Điện Biên bao gồm: Phòng giường đôi, Phòng tập thể'}"
https://www.booking.com/hotel/vn/agri-dien-bien-phu-by-bay-luxury.vi.html,"{'Chi phí nghỉ tại Agri Hotel Điện DB - by BAY LUXURY là bao nhiêu?': 'Giá tại Agri Hotel Điện D, B - by B, A, Y L, U, X, U, R, Y có thể khác nhau tùy vào kỳ nghỉ của bạn (ví dụ: ngày bạn chọn, chính sách khách sạn,v.v.). Vui lòng xem giá bằng cách nhập ngày của bạn.', 'Agri Hotel Điện DB - by BAY LUXURY có giờ nhận và trả phòng như thế nào?': 'Agri Hotel Điện D, B - by B, A, Y L, U, X, U, R, Y có giờ nhận phòng từ 14:00 và giờ trả phòng trước 12:00.', 'Agri Hotel Điện DB - by BAY LUXURY cách trung tâm Điện Biên Phủ bao xa?': 'Agri Hotel Điện D, B - by B, A, Y L, U, X, U, R, Y cách trung tâm Điện Biên Phủ 900 m.\nTất cả khoảng cách được đo theo đường thẳng. Khoảng cách di chuyển thực sự có thể khác.', 'Tôi có thể làm gì ở Agri Hotel Điện DB - by BAY LUXURY?': 'Agri Hotel Điện D, B - by B, A, Y L, U, X, U, R, Y có những hoạt động/dịch vụ sau (có thể áp dụng phí):'}"
https://www.booking.com/hotel/vn/nha-nghi-minh-an-dien-bien-phu.vi.html,"{'Nhà nghỉ Minh An cách trung tâm Điện Biên Phủ bao xa?': 'Nhà nghỉ Minh An cách trung tâm Điện Biên Phủ 2 km.\nTất cả khoảng cách được đo theo đường thẳng. Khoảng cách di chuyển thực sự có thể khác.', 'Nhà nghỉ Minh An có những loại phòng nào?': 'Lựa chọn phòng tại Nhà nghỉ Minh An bao gồm: Phòng đơn, Phòng giường đôi, Phòng giường đôi/2 giường đơn, Phòng gia đình', 'Chi phí nghỉ tại Nhà nghỉ Minh An là bao nhiêu?': 'Giá tại Nhà nghỉ Minh An có thể khác nhau tùy vào kỳ nghỉ của bạn (ví dụ: ngày bạn chọn, chính sách khách sạn,v.v.). Vui lòng xem giá bằng cách nhập ngày của bạn.', 'Nhà nghỉ Minh An có giờ nhận và trả phòng như thế nào?': 'Nhà nghỉ Minh An có giờ nhận phòng từ 12:00 và giờ trả phòng trước 11:00.', 'Tôi có thể làm gì ở Nhà nghỉ Minh An?': 'Nhà nghỉ Minh An có những hoạt động/dịch vụ sau (có thể áp dụng phí):'}"
https://www.booking.com/hotel/vn/ha-linh-dien-bien-by-bay-luxury.vi.html,"{'Tôi có thể làm gì ở Ha Linh Hotel DB - by BAY LUXURY?': 'Ha Linh Hotel D, B - by B, A, Y L, U, X, U, R, Y có những hoạt động/dịch vụ sau (có thể áp dụng phí):', 'Ha Linh Hotel DB - by BAY LUXURY có giờ nhận và trả phòng như thế nào?': 'Ha Linh Hotel D, B - by B, A, Y L, U, X, U, R, Y có giờ nhận phòng từ 14:00 và giờ trả phòng trước 12:00.', 'Chi phí nghỉ tại Ha Linh Hotel DB - by BAY LUXURY là bao nhiêu?': 'Giá tại Ha Linh Hotel D, B - by B, A, Y L, U, X, U, R, Y có thể khác nhau tùy vào kỳ nghỉ của bạn (ví dụ: ngày bạn chọn, chính sách khách sạn,v.v.). Vui lòng xem giá bằng cách nhập ngày của bạn.', 'Ha Linh Hotel DB - by BAY LUXURY cách trung tâm Điện Biên Phủ bao xa?': 'Ha Linh Hotel D, B - by B, A, Y L, U, X, U, R, Y cách trung tâm Điện Biên Phủ 2,2 km.\nTất cả khoảng cách được đo theo đường thẳng. Khoảng cách di chuyển thực sự có thể khác.', 'Ha Linh Hotel DB - by BAY LUXURY có những loại phòng nào?': 'Lựa chọn phòng tại Ha Linh Hotel D, B - by B, A, Y L, U, X, U, R, Y bao gồm: Phòng giường đôi, Phòng 3 người, Phòng 4 người'}"
https://www.booking.com/hotel/vn/hai-van-488-vo-nguyen-giap-dien-bien-phu-by-bay-luxury.vi.html,"{'Chi phí nghỉ tại Hải Vân Hotel - 488 Võ Nguyên Giáp, DB - by BAY LUXURY là bao nhiêu?': 'Giá tại Hải Vân Hotel - 488 Võ Nguyên Giáp, D, B - by B, A, Y L, U, X, U, R, Y có thể khác nhau tùy vào kỳ nghỉ của bạn (ví dụ: ngày bạn chọn, chính sách khách sạn,v.v.). Vui lòng xem giá bằng cách nhập ngày của bạn.', 'Hải Vân Hotel - 488 Võ Nguyên Giáp, DB - by BAY LUXURY cách trung tâm Điện Biên Phủ bao xa?': 'Hải Vân Hotel - 488 Võ Nguyên Giáp, D, B - by B, A, Y L, U, X, U, R, Y cách trung tâm Điện Biên Phủ 1,6 km.\nTất cả khoảng cách được đo theo đường thẳng. Khoảng cách di chuyển thực sự có thể khác.', 'Hải Vân Hotel - 488 Võ Nguyên Giáp, DB - by BAY LUXURY có giờ nhận và trả phòng như thế nào?': 'Hải Vân Hotel - 488 Võ Nguyên Giáp, D, B - by B, A, Y L, U, X, U, R, Y có giờ nhận phòng từ 14:00 và giờ trả phòng trước 12:00.', 'Tôi có thể làm gì ở Hải Vân Hotel - 488 Võ Nguyên Giáp, DB - by BAY LUXURY?': 'Hải Vân Hotel - 488 Võ Nguyên Giáp, D, B - by B, A, Y L, U, X, U, R, Y có những hoạt động/dịch vụ sau (có thể áp dụng phí):'}"
https://www.booking.com/hotel/vn/dong-tham-dien-bien-phu.vi.html,"{'Đông Thắm Hotel có nhà hàng trong khuôn viên không?': 'Đông Thắm Hotel có 1 nhà hàng: Nhà hàng #1', 'Chi phí nghỉ tại Đông Thắm Hotel là bao nhiêu?': 'Giá tại Đông Thắm Hotel có thể khác nhau tùy vào kỳ nghỉ của bạn (ví dụ: ngày bạn chọn, chính sách khách sạn,v.v.). Vui lòng xem giá bằng cách nhập ngày của bạn.', 'Đông Thắm Hotel có giờ nhận và trả phòng như thế nào?': 'Đông Thắm Hotel có giờ nhận phòng từ 14:00 và giờ trả phòng trước 18:00.', 'Đông Thắm Hotel có những loại phòng nào?': 'Lựa chọn phòng tại Đông Thắm Hotel bao gồm: Phòng giường đôi, Phòng giường đôi/2 giường đơn', 'Tôi có thể làm gì ở Đông Thắm Hotel?': 'Đông Thắm Hotel có những hoạt động/dịch vụ sau (có thể áp dụng phí):', 'Đông Thắm Hotel cách trung tâm Điện Biên Phủ bao xa?': 'Đông Thắm Hotel cách trung tâm Điện Biên Phủ 250 m.\nTất cả khoảng cách được đo theo đường thẳng. Khoảng cách di chuyển thực sự có thể khác.'}"
