url,policy_info
https://www.booking.com/hotel/vn/khach-san-rosy-viet-tri.vi.html,"{'Nhận phòng': 'Phục vụ 24 giờ', 'Trả phòng': 'Đến 10:00', 'Hủy đặt phòng/ Trả trước': 'Các chính sách hủy và thanh toán trước sẽ khác nhau tùy vào từng loại chỗ nghỉ. Vui lòng nhập ngày lưu trú và xem điều kiện áp dụng cho lựa chọn chỗ nghỉ của bạn.', 'Trẻ em và giường': 'Chính sách trẻ emPhù hợp cho tất cả trẻ em.Để xem thông tin giá và tình trạng phòng trống chính xác, vui lòng thêm số lượng và độ tuổi của trẻ em trong nhóm của bạn khi tìm kiếm.Chính sách nôi (cũi) và giường phụChỗ nghỉ này không có nôi/cũi và giường phụ.', 'Không giới hạn độ tuổi': 'Không có yêu cầu về độ tuổi khi nhận phòng', 'Vật nuôi': 'Vật nuôi không được phép.', 'Chỉ thanh toán bằng tiền mặt': 'Chỗ nghỉ này chỉ chấp nhận thanh toán bằng tiền mặt.'}"
https://www.booking.com/hotel/vn/sun-villa-thanh-lien-57.vi.html,"{'Nhận phòng': 'Phục vụ 24 giờ', 'Trả phòng': 'Phục vụ 24 giờ', 'Hủy đặt phòng/ Trả trước': 'Các chính sách hủy và thanh toán trước sẽ khác nhau tùy vào từng loại chỗ nghỉ. Vui lòng nhập ngày lưu trú và xem điều kiện áp dụng cho lựa chọn chỗ nghỉ của bạn.', 'Trẻ em và giường': 'Chính sách trẻ emPhù hợp cho tất cả trẻ em.Để xem thông tin giá và tình trạng phòng trống chính xác, vui lòng thêm số lượng và độ tuổi của trẻ em trong nhóm của bạn khi tìm kiếm.Chính sách nôi (cũi) và giường phụChỗ nghỉ này không có nôi/cũi và giường phụ.', 'Không giới hạn độ tuổi': 'Không có yêu cầu về độ tuổi khi nhận phòng', 'Vật nuôi': 'Vật nuôi không được phép.', 'Chỉ thanh toán bằng tiền mặt': 'Chỗ nghỉ này chỉ chấp nhận thanh toán bằng tiền mặt.', 'Tiệc tùng': 'Không cho phép tiệc tùng/sự kiện'}"
https://www.booking.com/hotel/vn/wyndham-thanh-thuy-to-hop-khoang-nong-5.vi.html,"{'Nhận phòng': 'Từ 14:00 - 21:00', 'Trả phòng': 'Từ 08:00 - 12:00', 'Hủy đặt phòng/ Trả trước': 'Các chính sách hủy và thanh toán trước sẽ khác nhau tùy vào từng loại chỗ nghỉ. Vui lòng nhập ngày lưu trú và xem điều kiện áp dụng cho lựa chọn chỗ nghỉ của bạn.', 'Trẻ em và giường': 'Chính sách trẻ emPhù hợp cho tất cả trẻ em.Để xem thông tin giá và tình trạng phòng trống chính xác, vui lòng thêm số lượng và độ tuổi của trẻ em trong nhóm của bạn khi tìm kiếm.Chính sách nôi (cũi) và giường phụChỗ nghỉ này không có nôi/cũi và giường phụ.', 'Không giới hạn độ tuổi': 'Không có yêu cầu về độ tuổi khi nhận phòng', 'Vật nuôi': 'Vật nuôi không được phép.', 'Tiệc tùng': 'Không cho phép tiệc tùng/sự kiện'}"
https://www.booking.com/hotel/vn/wyndham-thanh-thuy-phu-tho1.vi.html,"{'Nhận phòng': 'Từ 14:00 - 19:00Trước đó bạn sẽ cần cho chỗ nghỉ biết giờ bạn sẽ đến nơi.', 'Trả phòng': 'Từ 07:00 - 12:00', 'Hủy đặt phòng/ Trả trước': 'Các chính sách hủy và thanh toán trước sẽ khác nhau tùy vào từng loại chỗ nghỉ. Vui lòng nhập ngày lưu trú và xem điều kiện áp dụng cho lựa chọn chỗ nghỉ của bạn.', 'Trẻ em và giường': 'Chính sách trẻ emPhù hợp cho tất cả trẻ em.Để xem thông tin giá và tình trạng phòng trống chính xác, vui lòng thêm số lượng và độ tuổi của trẻ em trong nhóm của bạn khi tìm kiếm.Chính sách nôi (cũi) và giường phụChỗ nghỉ này không có nôi/cũi và giường phụ.', 'Không giới hạn độ tuổi': 'Không có yêu cầu về độ tuổi khi nhận phòng', 'Hút thuốc': 'Không cho phép hút thuốc.', 'Tiệc tùng': 'Không cho phép tiệc tùng/sự kiện', 'Vật nuôi': 'Vật nuôi không được phép.'}"
https://www.booking.com/hotel/vn/tang-1-sk81-wyndham-thanh-thuy-phu-tho.vi.html,"{'Nhận phòng': 'Từ 08:00 - 20:00', 'Trả phòng': 'Từ 08:00 - 20:00', 'Hủy đặt phòng/ Trả trước': 'Các chính sách hủy và thanh toán trước sẽ khác nhau tùy vào từng loại chỗ nghỉ. Vui lòng nhập ngày lưu trú và xem điều kiện áp dụng cho lựa chọn chỗ nghỉ của bạn.', 'Trẻ em và giường': 'Chính sách trẻ emPhù hợp cho tất cả trẻ em.Để xem thông tin giá và tình trạng phòng trống chính xác, vui lòng thêm số lượng và độ tuổi của trẻ em trong nhóm của bạn khi tìm kiếm.Chính sách nôi (cũi) và giường phụChỗ nghỉ này không có nôi/cũi và giường phụ.', 'Không giới hạn độ tuổi': 'Không có yêu cầu về độ tuổi khi nhận phòng', 'Vật nuôi': 'Vật nuôi không được phép.', 'Hút thuốc': 'Không cho phép hút thuốc.'}"
https://www.booking.com/hotel/vn/nha-nghi-lucky-motel.vi.html,"{'Nhận phòng': 'Phục vụ 24 giờ', 'Trả phòng': 'Từ 09:00 - 12:00', 'Hủy đặt phòng/ Trả trước': 'Các chính sách hủy và thanh toán trước sẽ khác nhau tùy vào từng loại chỗ nghỉ. Vui lòng nhập ngày lưu trú và xem điều kiện áp dụng cho lựa chọn chỗ nghỉ của bạn.', 'Trẻ em và giường': 'Chính sách trẻ emPhù hợp cho tất cả trẻ em.Để xem thông tin giá và tình trạng phòng trống chính xác, vui lòng thêm số lượng và độ tuổi của trẻ em trong nhóm của bạn khi tìm kiếm.Chính sách nôi (cũi) và giường phụChỗ nghỉ này không có nôi/cũi và giường phụ.', 'Không giới hạn độ tuổi': 'Không có yêu cầu về độ tuổi khi nhận phòng', 'Vật nuôi': 'Vật nuôi không được phép.', 'Tiệc tùng': 'Không cho phép tiệc tùng/sự kiện'}"
https://www.booking.com/hotel/vn/truong-an-hostel.vi.html,"{'Nhận phòng': 'Phục vụ 24 giờ', 'Trả phòng': 'Đến 10:00', 'Hủy đặt phòng/ Trả trước': 'Các chính sách hủy và thanh toán trước sẽ khác nhau tùy vào từng loại chỗ nghỉ. Vui lòng nhập ngày lưu trú và xem điều kiện áp dụng cho lựa chọn chỗ nghỉ của bạn.', 'Trẻ em và giường': 'Chính sách trẻ emPhù hợp cho tất cả trẻ em.Để xem thông tin giá và tình trạng phòng trống chính xác, vui lòng thêm số lượng và độ tuổi của trẻ em trong nhóm của bạn khi tìm kiếm.Chính sách nôi (cũi) và giường phụ0 - 1 tuổiCó giường phụ nếu yêu cầuVND\xa02/trẻ/đêmCó nôi/cũi nếu yêu cầuVND\xa02/trẻ/đêm2 - 11 tuổiCó giường phụ nếu yêu cầuVND\xa02/trẻ/đêmTừ 12 tuổi trở lênCó giường phụ nếu yêu cầuVND\xa04/người/đêmGiá cho nôi/cũi và giường phụ chưa được bao gồm trong giá tổng và sẽ cần được thanh toán riêng trong kỳ nghỉ.Số lượng giường phụ và nôi/cũi được phép tùy thuộc vào tùy chọn của bạn. Vui lòng kiểm tra tùy chọn mà bạn đã chọn để biết thêm thông tin.Tất cả nôi/cũi và giường phụ tùy thuộc vào tình trạng có sẵn.', 'Không giới hạn độ tuổi': 'Không có yêu cầu về độ tuổi khi nhận phòng', 'Vật nuôi': 'Vật nuôi không được phép.', 'Các phương thức thanh toán được chấp nhận': 'Tiền mặt'}"
https://www.booking.com/hotel/vn/lotus-vuon-vua.vi.html,"{'Nhận phòng': 'Từ 14:00 - 16:00', 'Trả phòng': 'Từ 10:00 - 12:00', 'Hủy đặt phòng/ Trả trước': 'Các chính sách hủy và thanh toán trước sẽ khác nhau tùy vào từng loại chỗ nghỉ. Vui lòng nhập ngày lưu trú và xem điều kiện áp dụng cho lựa chọn chỗ nghỉ của bạn.', 'Trẻ em và giường': 'Chính sách trẻ emPhù hợp cho tất cả trẻ em.Trẻ em từ 18 tuổi trở lên sẽ được tính giá như người lớn tại chỗ nghỉ này.Để xem thông tin giá và tình trạng phòng trống chính xác, vui lòng thêm số lượng và độ tuổi của trẻ em trong nhóm của bạn khi tìm kiếm.Chính sách nôi (cũi) và giường phụChỗ nghỉ này không có nôi/cũi và giường phụ.', 'Không giới hạn độ tuổi': 'Không có yêu cầu về độ tuổi khi nhận phòng', 'Vật nuôi': 'Vật nuôi không được phép.', 'Các phương thức thanh toán được chấp nhận': 'BankcardTiền mặt', 'Tiệc tùng': 'Không cho phép tiệc tùng/sự kiện'}"
https://www.booking.com/hotel/vn/nha-nghi-moc-huong.vi.html,"{'Nhận phòng': 'Từ 14:00 - 23:30', 'Trả phòng': 'Từ 09:00 - 10:00', 'Hủy đặt phòng/ Trả trước': 'Các chính sách hủy và thanh toán trước sẽ khác nhau tùy vào từng loại chỗ nghỉ. Vui lòng nhập ngày lưu trú và xem điều kiện áp dụng cho lựa chọn chỗ nghỉ của bạn.', 'Trẻ em và giường': 'Chính sách trẻ emPhù hợp cho tất cả trẻ em.Để xem thông tin giá và tình trạng phòng trống chính xác, vui lòng thêm số lượng và độ tuổi của trẻ em trong nhóm của bạn khi tìm kiếm.Chính sách nôi (cũi) và giường phụChỗ nghỉ này không có nôi/cũi và giường phụ.', 'Không giới hạn độ tuổi': 'Không có yêu cầu về độ tuổi khi nhận phòng', 'Vật nuôi': 'Vật nuôi không được phép.', 'Chỉ thanh toán bằng tiền mặt': 'Chỗ nghỉ này chỉ chấp nhận thanh toán bằng tiền mặt.'}"
https://www.booking.com/hotel/vn/po-chin-luc-hotel-ng-ph.vi.html,"{'Hủy đặt phòng/ Trả trước': 'Các chính sách hủy và thanh toán trước sẽ khác nhau tùy vào từng loại chỗ nghỉ. Vui lòng nhập ngày lưu trú và xem điều kiện áp dụng cho lựa chọn chỗ nghỉ của bạn.', 'Trẻ em và giường': 'Chính sách trẻ emPhù hợp cho tất cả trẻ em.Để xem thông tin giá và tình trạng phòng trống chính xác, vui lòng thêm số lượng và độ tuổi của trẻ em trong nhóm của bạn khi tìm kiếm.Chính sách nôi (cũi) và giường phụBạn có thể yêu cầu nôi (cũi) và giường phụ tùy theo tình trạng có sẵn tại chỗ nghỉ. Phụ phí có thể áp dụng.', 'Không giới hạn độ tuổi': 'Độ tuổi tối thiểu để nhận phòng là 0', 'Vật nuôi': 'Vật nuôi không được phép.'}"
https://www.booking.com/hotel/vn/miyabi-wyndham-thanh-thuy.vi.html,"{'Nhận phòng': 'Từ 14:00 - 00:00Trước đó bạn sẽ cần cho chỗ nghỉ biết giờ bạn sẽ đến nơi.', 'Trả phòng': 'Từ 00:00 - 12:00', 'Hủy đặt phòng/ Trả trước': 'Các chính sách hủy và thanh toán trước sẽ khác nhau tùy vào từng loại chỗ nghỉ. Vui lòng nhập ngày lưu trú và xem điều kiện áp dụng cho lựa chọn chỗ nghỉ của bạn.', 'Đặt cọc đề phòng hư hại có thể hoàn lại': 'Yêu cầu VND\xa01.000.000 tiền đặt cọc đề phòng hư hại khi đến nghỉ. Số tiền này tương đương TWD\xa01.270. Số tiền này sẽ được chỗ nghỉ thu bằng tiền mặt. Bạn sẽ được hoàn lại khi trả phòng. Tiền đặt cọc của bạn sẽ được hoàn lại toàn bộ bằng tiền mặt, nhưng cũng phụ thuộc vào mức hư hại mà bạn có thể gây ra tại chỗ nghỉ.', 'Trẻ em và giường': 'Chính sách trẻ emPhù hợp cho tất cả trẻ em.Để xem thông tin giá và tình trạng phòng trống chính xác, vui lòng thêm số lượng và độ tuổi của trẻ em trong nhóm của bạn khi tìm kiếm.Chính sách nôi (cũi) và giường phụ0 - 12 tuổiCó giường phụ nếu yêu cầuVND\xa0250.000/trẻ/đêmTừ 13 tuổi trở lênCó giường phụ nếu yêu cầuVND\xa0400.000/người/đêmGiá cho giường phụ chưa được bao gồm trong giá tổng và sẽ cần được thanh toán riêng trong kỳ nghỉ.Số lượng giường phụ được phép tùy thuộc vào tùy chọn của bạn. Vui lòng kiểm tra tùy chọn mà bạn đã chọn để biết thêm thông tin.Chỗ nghỉ này không có nôi/cũi.Tất cả giường phụ tùy thuộc vào tình trạng có sẵn.', 'Không giới hạn độ tuổi': 'Không có yêu cầu về độ tuổi khi nhận phòng', 'Chỉ thanh toán bằng tiền mặt': 'Chỗ nghỉ này chỉ chấp nhận thanh toán bằng tiền mặt.', 'Hút thuốc': 'Không cho phép hút thuốc.', 'Thời gian yên lặng': 'Khách cần giữa yên lặng từ 22:00 đến 06:00.', 'Vật nuôi': 'Vật nuôi không được phép.'}"
https://www.booking.com/hotel/vn/muong-thanh-luxury-phu-tho.vi.html,"{'Nhận phòng': 'Từ 14:00', 'Trả phòng': 'Đến 12:00', 'Hủy đặt phòng/ Trả trước': 'Các chính sách hủy và thanh toán trước sẽ khác nhau tùy vào từng loại chỗ nghỉ. Vui lòng nhập ngày lưu trú và xem điều kiện áp dụng cho lựa chọn chỗ nghỉ của bạn.', 'Trẻ em và giường': 'Chính sách trẻ emKhông phù hợp cho trẻ em.Chính sách nôi (cũi) và giường phụNgười lớn\xa0(Từ 18 tuổi trở lên)Có giường phụ nếu yêu cầuVND\xa0770.000/người/đêmChỗ nghỉ này không có nôi/cũi và giường phụ.', 'Không giới hạn độ tuổi': 'Không có yêu cầu về độ tuổi khi nhận phòng', 'Vật nuôi': 'Vật nuôi không được phép.', 'Các phương thức thanh toán được chấp nhận': 'BankcardTiền mặt'}"
https://www.booking.com/hotel/vn/quynh-huong-phu-tho.vi.html,"{'Nhận phòng': 'Từ 14:00', 'Trả phòng': 'Đến 12:00', 'Hủy đặt phòng/ Trả trước': 'Các chính sách hủy và thanh toán trước sẽ khác nhau tùy vào từng loại chỗ nghỉ. Vui lòng nhập ngày lưu trú và xem điều kiện áp dụng cho lựa chọn chỗ nghỉ của bạn.', 'Trẻ em và giường': 'Chính sách trẻ emPhù hợp cho tất cả trẻ em.Trẻ em từ 7 tuổi trở lên sẽ được tính giá như người lớn tại chỗ nghỉ này.Để xem thông tin giá và tình trạng phòng trống chính xác, vui lòng thêm số lượng và độ tuổi của trẻ em trong nhóm của bạn khi tìm kiếm.Chính sách nôi (cũi) và giường phụChỗ nghỉ này không có nôi/cũi và giường phụ.', 'Không giới hạn độ tuổi': 'Không có yêu cầu về độ tuổi khi nhận phòng', 'Vật nuôi': 'Vật nuôi không được phép.', 'Chỉ thanh toán bằng tiền mặt': 'Chỗ nghỉ này chỉ chấp nhận thanh toán bằng tiền mặt.', 'Tiệc tùng': 'Không cho phép tiệc tùng/sự kiện'}"
https://www.booking.com/hotel/vn/sojo-viet-tri.vi.html,"{'Nhận phòng': 'Từ 14:00 - 00:00', 'Trả phòng': 'Từ 00:00 - 12:00', 'Hủy đặt phòng/ Trả trước': 'Các chính sách hủy và thanh toán trước sẽ khác nhau tùy vào từng loại chỗ nghỉ. Vui lòng nhập ngày lưu trú và xem điều kiện áp dụng cho lựa chọn chỗ nghỉ của bạn.', 'Trẻ em và giường': 'Chính sách trẻ emPhù hợp cho tất cả trẻ em.Để xem thông tin giá và tình trạng phòng trống chính xác, vui lòng thêm số lượng và độ tuổi của trẻ em trong nhóm của bạn khi tìm kiếm.Chính sách nôi (cũi) và giường phụChỗ nghỉ này không có nôi/cũi và giường phụ.', 'Không giới hạn độ tuổi': 'Không có yêu cầu về độ tuổi khi nhận phòng', 'Vật nuôi': 'Vật nuôi không được phép.', 'Các phương thức thanh toán được chấp nhận': 'BankcardTiền mặt'}"
https://www.booking.com/hotel/vn/shoptel-wyndham-lynn-times-thanh-thuy.vi.html,"{'Nhận phòng': 'Từ 14:00 - 23:00Trước đó bạn sẽ cần cho chỗ nghỉ biết giờ bạn sẽ đến nơi.', 'Trả phòng': 'Từ 08:00 - 12:00', 'Hủy đặt phòng/ Trả trước': 'Các chính sách hủy và thanh toán trước sẽ khác nhau tùy vào từng loại chỗ nghỉ. Vui lòng nhập ngày lưu trú và xem điều kiện áp dụng cho lựa chọn chỗ nghỉ của bạn.', 'Trẻ em và giường': 'Chính sách trẻ emKhông phù hợp cho trẻ em.Chính sách nôi (cũi) và giường phụChỗ nghỉ này không có nôi/cũi và giường phụ.', 'Không giới hạn độ tuổi': 'Không có yêu cầu về độ tuổi khi nhận phòng', 'Chỉ thanh toán bằng tiền mặt': 'Chỗ nghỉ này chỉ chấp nhận thanh toán bằng tiền mặt.', 'Hút thuốc': 'Không cho phép hút thuốc.', 'Tiệc tùng': 'Không cho phép tiệc tùng/sự kiện', 'Vật nuôi': 'Miễn phí!Vật nuôi được phép. Không tính thêm phí.'}"
https://www.booking.com/hotel/vn/3-rooms-wyndham-lynn-times-tthanh-thuy-hot-spring-myhome.vi.html,"{'Nhận phòng': 'Từ 13:00Trước đó bạn sẽ cần cho chỗ nghỉ biết giờ bạn sẽ đến nơi.', 'Trả phòng': 'Đến 11:00', 'Hủy đặt phòng/ Trả trước': 'Các chính sách hủy và thanh toán trước sẽ khác nhau tùy vào từng loại chỗ nghỉ. Vui lòng nhập ngày lưu trú và xem điều kiện áp dụng cho lựa chọn chỗ nghỉ của bạn.', 'Trẻ em và giường': 'Chính sách trẻ emPhù hợp cho tất cả trẻ em.Trẻ em từ 7 tuổi trở lên sẽ được tính giá như người lớn tại chỗ nghỉ này.Để xem thông tin giá và tình trạng phòng trống chính xác, vui lòng thêm số lượng và độ tuổi của trẻ em trong nhóm của bạn khi tìm kiếm.Chính sách nôi (cũi) và giường phụChỗ nghỉ này không có nôi/cũi và giường phụ.', 'Không giới hạn độ tuổi': 'Không có yêu cầu về độ tuổi khi nhận phòng', 'Chỉ thanh toán bằng tiền mặt': 'Chỗ nghỉ này chỉ chấp nhận thanh toán bằng tiền mặt.', 'Hút thuốc': 'Không cho phép hút thuốc.', 'Vật nuôi': 'Vật nuôi không được phép.'}"
https://www.booking.com/hotel/vn/wyndham-lynns-times-thanh-thuy.vi.html,"{'Nhận phòng': 'Từ 14:00 - 21:00', 'Trả phòng': 'Từ 08:00 - 12:00', 'Hủy đặt phòng/ Trả trước': 'Các chính sách hủy và thanh toán trước sẽ khác nhau tùy vào từng loại chỗ nghỉ. Vui lòng nhập ngày lưu trú và xem điều kiện áp dụng cho lựa chọn chỗ nghỉ của bạn.', 'Trẻ em và giường': 'Chính sách trẻ emPhù hợp cho tất cả trẻ em.Để xem thông tin giá và tình trạng phòng trống chính xác, vui lòng thêm số lượng và độ tuổi của trẻ em trong nhóm của bạn khi tìm kiếm.Chính sách nôi (cũi) và giường phụChỗ nghỉ này không có nôi/cũi và giường phụ.', 'Không giới hạn độ tuổi': 'Không có yêu cầu về độ tuổi khi nhận phòng', 'Vật nuôi': 'Vật nuôi không được phép.', 'Tiệc tùng': 'Không cho phép tiệc tùng/sự kiện'}"
https://www.booking.com/hotel/vn/wyndham-lynn-times-thanh-thuy-khu-nghi-duong-khoang-nong.vi.html,"{'Nhận phòng': 'Từ 14:00 - 00:00', 'Trả phòng': 'Từ 00:00 - 12:00', 'Hủy đặt phòng/ Trả trước': 'Các chính sách hủy và thanh toán trước sẽ khác nhau tùy vào từng loại chỗ nghỉ. Vui lòng nhập ngày lưu trú và xem điều kiện áp dụng cho lựa chọn chỗ nghỉ của bạn.', 'Trẻ em và giường': 'Chính sách trẻ emPhù hợp cho tất cả trẻ em.Để xem thông tin giá và tình trạng phòng trống chính xác, vui lòng thêm số lượng và độ tuổi của trẻ em trong nhóm của bạn khi tìm kiếm.Chính sách nôi (cũi) và giường phụChỗ nghỉ này không có nôi/cũi và giường phụ.', 'Không giới hạn độ tuổi': 'Không có yêu cầu về độ tuổi khi nhận phòng', 'Vật nuôi': 'Vật nuôi không được phép.', 'Các phương thức thanh toán được chấp nhận': 'Tiền mặt', 'Tiệc tùng': 'Không cho phép tiệc tùng/sự kiện'}"
https://www.booking.com/hotel/vn/homestay-tonyluan.vi.html,"{'Nhận phòng': 'Từ 02:00 - 00:00', 'Trả phòng': 'Phục vụ 24 giờ', 'Hủy đặt phòng/ Trả trước': 'Các chính sách hủy và thanh toán trước sẽ khác nhau tùy vào từng loại chỗ nghỉ. Vui lòng nhập ngày lưu trú và xem điều kiện áp dụng cho lựa chọn chỗ nghỉ của bạn.', 'Trẻ em và giường': 'Chính sách trẻ emPhù hợp cho tất cả trẻ em.Để xem thông tin giá và tình trạng phòng trống chính xác, vui lòng thêm số lượng và độ tuổi của trẻ em trong nhóm của bạn khi tìm kiếm.Chính sách nôi (cũi) và giường phụChỗ nghỉ này không có nôi/cũi và giường phụ.', 'Không giới hạn độ tuổi': 'Không có yêu cầu về độ tuổi khi nhận phòng', 'Vật nuôi': 'Miễn phí!Vật nuôi được phép. Không tính thêm phí.', 'Hút thuốc': 'Không cho phép hút thuốc.'}"
https://www.booking.com/hotel/vn/thai-duong-viet-tri.vi.html,"{'Nhận phòng': 'Từ 12:00 - 23:00', 'Trả phòng': 'Từ 05:00 - 12:00', 'Hủy đặt phòng/ Trả trước': 'Các chính sách hủy và thanh toán trước sẽ khác nhau tùy vào từng loại chỗ nghỉ. Vui lòng nhập ngày lưu trú và xem điều kiện áp dụng cho lựa chọn chỗ nghỉ của bạn.', 'Trẻ em và giường': 'Chính sách trẻ emPhù hợp cho tất cả trẻ em.Để xem thông tin giá và tình trạng phòng trống chính xác, vui lòng thêm số lượng và độ tuổi của trẻ em trong nhóm của bạn khi tìm kiếm.Chính sách nôi (cũi) và giường phụChỗ nghỉ này không có nôi/cũi và giường phụ.', 'Giới hạn độ tuổi': 'Độ tuổi tối thiểu để nhận phòng là 18', 'Vật nuôi': 'Vật nuôi không được phép.', 'Chỉ thanh toán bằng tiền mặt': 'Chỗ nghỉ này chỉ chấp nhận thanh toán bằng tiền mặt.', 'Tiệc tùng': 'Không cho phép tiệc tùng/sự kiện'}"
https://www.booking.com/hotel/vn/fuwa-fuwa-home-wyndham-lynn-times-thanh-thuy.vi.html,"{'Nhận phòng': 'Phục vụ 24 giờTrước đó bạn sẽ cần cho chỗ nghỉ biết giờ bạn sẽ đến nơi.', 'Trả phòng': 'Phục vụ 24 giờ', 'Hủy đặt phòng/ Trả trước': 'Các chính sách hủy và thanh toán trước sẽ khác nhau tùy vào từng loại chỗ nghỉ. Vui lòng nhập ngày lưu trú và xem điều kiện áp dụng cho lựa chọn chỗ nghỉ của bạn.', 'Đặt cọc đề phòng hư hại có thể hoàn lại': 'Yêu cầu VND\xa01.000.000 tiền đặt cọc đề phòng hư hại khi đến nghỉ. Số tiền này tương đương TWD\xa01.270. Số tiền này sẽ được chỗ nghỉ thu bằng tiền mặt. Bạn sẽ được hoàn lại khi trả phòng. Tiền đặt cọc của bạn sẽ được hoàn lại toàn bộ bằng tiền mặt, nhưng cũng phụ thuộc vào mức hư hại mà bạn có thể gây ra tại chỗ nghỉ.', 'Trẻ em và giường': 'Chính sách trẻ emPhù hợp cho tất cả trẻ em.Trẻ em từ 7 tuổi trở lên sẽ được tính giá như người lớn tại chỗ nghỉ này.Để xem thông tin giá và tình trạng phòng trống chính xác, vui lòng thêm số lượng và độ tuổi của trẻ em trong nhóm của bạn khi tìm kiếm.Chính sách nôi (cũi) và giường phụChỗ nghỉ này không có nôi/cũi và giường phụ.', 'Không giới hạn độ tuổi': 'Không có yêu cầu về độ tuổi khi nhận phòng', 'Các phương thức thanh toán được chấp nhận': 'Tiền mặt', 'Hút thuốc': 'Không cho phép hút thuốc.', 'Tiệc tùng': 'Không cho phép tiệc tùng/sự kiện', 'Vật nuôi': 'Vật nuôi không được phép.'}"
https://www.booking.com/hotel/vn/khach-san-x2-vibe-viet-tri.vi.html,"{'Nhận phòng': 'Từ 14:00 - 18:00', 'Trả phòng': 'Từ 06:00 - 12:00', 'Hủy đặt phòng/ Trả trước': 'Các chính sách hủy và thanh toán trước sẽ khác nhau tùy vào từng loại chỗ nghỉ. Vui lòng nhập ngày lưu trú và xem điều kiện áp dụng cho lựa chọn chỗ nghỉ của bạn.', 'Trẻ em và giường': 'Chính sách trẻ emPhù hợp cho tất cả trẻ em.Trẻ em từ 18 tuổi trở lên sẽ được tính giá như người lớn tại chỗ nghỉ này.Để xem thông tin giá và tình trạng phòng trống chính xác, vui lòng thêm số lượng và độ tuổi của trẻ em trong nhóm của bạn khi tìm kiếm.Chính sách nôi (cũi) và giường phụChỗ nghỉ này không có nôi/cũi và giường phụ.', 'Không giới hạn độ tuổi': 'Không có yêu cầu về độ tuổi khi nhận phòng', 'Vật nuôi': 'Vật nuôi không được phép.', 'Các phương thức thanh toán được chấp nhận': 'BankcardTiền mặt', 'Tiệc tùng': 'Không cho phép tiệc tùng/sự kiện'}"
https://www.booking.com/hotel/vn/homestay-long-coc.vi.html,"{'Nhận phòng': 'Từ 15:00 - 18:00Khách được yêu cầu xuất trình giấy tờ tùy thân có ảnh và thẻ tín dụng lúc nhận phòngTrước đó bạn sẽ cần cho chỗ nghỉ biết giờ bạn sẽ đến nơi.', 'Trả phòng': 'Từ 08:00 - 11:00', 'Hủy đặt phòng/ Trả trước': 'Các chính sách hủy và thanh toán trước sẽ khác nhau tùy vào từng loại chỗ nghỉ. Vui lòng nhập ngày lưu trú và xem điều kiện áp dụng cho lựa chọn chỗ nghỉ của bạn.', 'Trẻ em và giường': 'Chính sách trẻ emKhông phù hợp cho trẻ em.Chính sách nôi (cũi) và giường phụChỗ nghỉ này không có nôi/cũi và giường phụ.', 'Không giới hạn độ tuổi': 'Không có yêu cầu về độ tuổi khi nhận phòng', 'Vật nuôi': 'Miễn phí!Vật nuôi được phép theo yêu cầu của khách. Không tính thêm phí.', 'Tiệc tùng': 'Không cho phép tiệc tùng/sự kiện'}"
https://www.booking.com/hotel/vn/vuon-vua-resort-amp-spa-by-bay-luxury.vi.html,"{'Nhận phòng': 'Từ 14:00 - 00:00Trước đó bạn sẽ cần cho chỗ nghỉ biết giờ bạn sẽ đến nơi.', 'Trả phòng': 'Từ 06:00 - 12:00', 'Hủy đặt phòng/ Trả trước': 'Các chính sách hủy và thanh toán trước sẽ khác nhau tùy vào từng loại chỗ nghỉ. Vui lòng nhập ngày lưu trú và xem điều kiện áp dụng cho lựa chọn chỗ nghỉ của bạn.', 'Trẻ em và giường': 'Chính sách trẻ emPhù hợp cho tất cả trẻ em.Để xem thông tin giá và tình trạng phòng trống chính xác, vui lòng thêm số lượng và độ tuổi của trẻ em trong nhóm của bạn khi tìm kiếm.Chính sách nôi (cũi) và giường phụChỗ nghỉ này không có nôi/cũi và giường phụ.', 'Không giới hạn độ tuổi': 'Không có yêu cầu về độ tuổi khi nhận phòng', 'Thẻ được chấp nhận tại chỗ nghỉ này': 'Không chấp nhận tiền mặt', 'Hút thuốc': 'Không cho phép hút thuốc.', 'Tiệc tùng': 'Không cho phép tiệc tùng/sự kiện', 'Vật nuôi': 'Vật nuôi không được phép.'}"
https://www.booking.com/hotel/vn/vuon-vua-resort-amp-sun-villas-khu-thanh-lien.vi.html,"{'Nhận phòng': 'Từ 14:00 - 18:00Trước đó bạn sẽ cần cho chỗ nghỉ biết giờ bạn sẽ đến nơi.', 'Trả phòng': 'Từ 08:00 - 12:00', 'Hủy đặt phòng/ Trả trước': 'Các chính sách hủy và thanh toán trước sẽ khác nhau tùy vào từng loại chỗ nghỉ. Vui lòng nhập ngày lưu trú và xem điều kiện áp dụng cho lựa chọn chỗ nghỉ của bạn.', 'Trẻ em và giường': 'Chính sách trẻ emPhù hợp cho tất cả trẻ em.Trẻ em từ 7 tuổi trở lên sẽ được tính giá như người lớn tại chỗ nghỉ này.Để xem thông tin giá và tình trạng phòng trống chính xác, vui lòng thêm số lượng và độ tuổi của trẻ em trong nhóm của bạn khi tìm kiếm.Chính sách nôi (cũi) và giường phụ0 - 2 tuổiCó giường phụ nếu yêu cầuVND\xa0999/trẻ/đêmCó nôi/cũi nếu yêu cầuMiễn phíTừ 3 tuổi trở lênCó giường phụ nếu yêu cầuVND\xa0999/người/đêmGiá cho nôi/cũi và giường phụ chưa được bao gồm trong giá tổng và sẽ cần được thanh toán riêng trong kỳ nghỉ.Số lượng giường phụ và nôi/cũi được phép tùy thuộc vào tùy chọn của bạn. Vui lòng kiểm tra tùy chọn mà bạn đã chọn để biết thêm thông tin.Tất cả nôi/cũi và giường phụ tùy thuộc vào tình trạng có sẵn.', 'Không giới hạn độ tuổi': 'Không có yêu cầu về độ tuổi khi nhận phòng', 'Các phương thức thanh toán được chấp nhận': 'BankcardTiền mặt', 'Hút thuốc': 'Không cho phép hút thuốc.', 'Vật nuôi': 'Vật nuôi không được phép.'}"
https://www.booking.com/hotel/vn/vuon-vua-phu-tho-sen-villas-resort-vuon-vua-thanh-lien-41-wyndham-thanh-thuy.vi.html,"{'Nhận phòng': 'Từ 13:30 - 14:00Trước đó bạn sẽ cần cho chỗ nghỉ biết giờ bạn sẽ đến nơi.', 'Trả phòng': 'Từ 11:30 - 12:00', 'Hủy đặt phòng/ Trả trước': 'Các chính sách hủy và thanh toán trước sẽ khác nhau tùy vào từng loại chỗ nghỉ. Vui lòng nhập ngày lưu trú và xem điều kiện áp dụng cho lựa chọn chỗ nghỉ của bạn.', 'Đặt cọc đề phòng hư hại có thể hoàn lại': 'Yêu cầu VND\xa01.000.000 tiền đặt cọc đề phòng hư hại khi đến nghỉ. Số tiền này tương đương TWD\xa01.270. Số tiền này sẽ được chỗ nghỉ thu bằng tiền mặt. Bạn sẽ được hoàn lại khi trả phòng. Tiền đặt cọc của bạn sẽ được hoàn lại toàn bộ bằng tiền mặt, nhưng cũng phụ thuộc vào mức hư hại mà bạn có thể gây ra tại chỗ nghỉ.', 'Trẻ em và giường': 'Chính sách trẻ emPhù hợp cho tất cả trẻ em.Để xem thông tin giá và tình trạng phòng trống chính xác, vui lòng thêm số lượng và độ tuổi của trẻ em trong nhóm của bạn khi tìm kiếm.Chính sách nôi (cũi) và giường phụ1 - 10 tuổiCó giường phụ nếu yêu cầuVND\xa0200.000/trẻ/đêmNgười lớn\xa0(Từ 18 tuổi trở lên)Có giường phụ nếu yêu cầuVND\xa0400.000/người/đêmGiá cho giường phụ chưa được bao gồm trong giá tổng và sẽ cần được thanh toán riêng trong kỳ nghỉ.Số lượng giường phụ được phép tùy thuộc vào tùy chọn của bạn. Vui lòng kiểm tra tùy chọn mà bạn đã chọn để biết thêm thông tin.Chỗ nghỉ này không có nôi/cũi.Tất cả giường phụ tùy thuộc vào tình trạng có sẵn.', 'Giới hạn độ tuổi': 'Chỉ khách từ 18 - 18 tuổi mới có thể nhận phòng', 'Các phương thức thanh toán được chấp nhận': 'BankcardTiền mặt', 'Hút thuốc': 'Không cho phép hút thuốc.', 'Vật nuôi': 'Vật nuôi không được phép.'}"
https://www.booking.com/hotel/vn/1989-villa-thanh-pho-viet-tri.vi.html,"{'Nhận phòng': 'Từ 14:00Trước đó bạn sẽ cần cho chỗ nghỉ biết giờ bạn sẽ đến nơi.', 'Trả phòng': 'Đến 12:00', 'Hủy đặt phòng/ Trả trước': 'Các chính sách hủy và thanh toán trước sẽ khác nhau tùy vào từng loại chỗ nghỉ. Vui lòng nhập ngày lưu trú và xem điều kiện áp dụng cho lựa chọn chỗ nghỉ của bạn.', 'Trẻ em và giường': 'Chính sách trẻ emPhù hợp cho tất cả trẻ em.Trẻ em từ 13 tuổi trở lên sẽ được tính giá như người lớn tại chỗ nghỉ này.Để xem thông tin giá và tình trạng phòng trống chính xác, vui lòng thêm số lượng và độ tuổi của trẻ em trong nhóm của bạn khi tìm kiếm.Chính sách nôi (cũi) và giường phụChỗ nghỉ này không có nôi/cũi và giường phụ.', 'Không giới hạn độ tuổi': 'Không có yêu cầu về độ tuổi khi nhận phòng', 'Chỉ thanh toán bằng tiền mặt': 'Chỗ nghỉ này chỉ chấp nhận thanh toán bằng tiền mặt.', 'Hút thuốc': 'Không cho phép hút thuốc.', 'Thời gian yên lặng': 'Khách cần giữa yên lặng từ 21:00 đến 06:00.', 'Vật nuôi': 'Miễn phí!Vật nuôi được phép. Không tính thêm phí.'}"
https://www.booking.com/hotel/vn/can-shophou.vi.html,"{'Nhận phòng': 'Từ 14:00 - 18:00Trước đó bạn sẽ cần cho chỗ nghỉ biết giờ bạn sẽ đến nơi.', 'Trả phòng': 'Từ 08:00 - 11:00', 'Hủy đặt phòng/ Trả trước': 'Các chính sách hủy và thanh toán trước sẽ khác nhau tùy vào từng loại chỗ nghỉ. Vui lòng nhập ngày lưu trú và xem điều kiện áp dụng cho lựa chọn chỗ nghỉ của bạn.', 'Trẻ em và giường': 'Chính sách trẻ emPhù hợp cho tất cả trẻ em.Để xem thông tin giá và tình trạng phòng trống chính xác, vui lòng thêm số lượng và độ tuổi của trẻ em trong nhóm của bạn khi tìm kiếm.Chính sách nôi (cũi) và giường phụ0 - 3 tuổiCó nôi/cũi nếu yêu cầuMiễn phíSố lượng nôi/cũi được phép tùy thuộc vào tùy chọn của bạn. Vui lòng kiểm tra tùy chọn mà bạn đã chọn để biết thêm thông tin.Chỗ nghỉ này không có giường phụ.Tất cả nôi/cũi tùy thuộc vào tình trạng có sẵn.', 'Không giới hạn độ tuổi': 'Không có yêu cầu về độ tuổi khi nhận phòng', 'Chỉ thanh toán bằng tiền mặt': 'Chỗ nghỉ này chỉ chấp nhận thanh toán bằng tiền mặt.', 'Hút thuốc': 'Không cho phép hút thuốc.', 'Tiệc tùng': 'Không cho phép tiệc tùng/sự kiện', 'Vật nuôi': 'Vật nuôi không được phép.'}"
https://www.booking.com/hotel/vn/yellow-homestay-venuestay.vi.html,"{'Nhận phòng': 'Từ 14:00 - 16:00Trước đó bạn sẽ cần cho chỗ nghỉ biết giờ bạn sẽ đến nơi.', 'Trả phòng': 'Từ 08:00 - 12:00', 'Hủy đặt phòng/ Trả trước': 'Các chính sách hủy và thanh toán trước sẽ khác nhau tùy vào từng loại chỗ nghỉ. Vui lòng nhập ngày lưu trú và xem điều kiện áp dụng cho lựa chọn chỗ nghỉ của bạn.', 'Trẻ em và giường': 'Chính sách trẻ emPhù hợp cho tất cả trẻ em.Để xem thông tin giá và tình trạng phòng trống chính xác, vui lòng thêm số lượng và độ tuổi của trẻ em trong nhóm của bạn khi tìm kiếm.Chính sách nôi (cũi) và giường phụChỗ nghỉ này không có nôi/cũi và giường phụ.', 'Không giới hạn độ tuổi': 'Không có yêu cầu về độ tuổi khi nhận phòng', 'Hút thuốc': 'Không cho phép hút thuốc.', 'Vật nuôi': 'Vật nuôi không được phép.'}"
https://www.booking.com/hotel/vn/room-in-wyndham-thanh-thuy-hot-spring-myhome.vi.html,"{'Nhận phòng': 'Từ 13:00 - 18:00Khách được yêu cầu xuất trình giấy tờ tùy thân có ảnh và thẻ tín dụng lúc nhận phòngTrước đó bạn sẽ cần cho chỗ nghỉ biết giờ bạn sẽ đến nơi.', 'Trả phòng': 'Từ 08:00 - 12:00', 'Hủy đặt phòng/ Trả trước': 'Các chính sách hủy và thanh toán trước sẽ khác nhau tùy vào từng loại chỗ nghỉ. Vui lòng nhập ngày lưu trú và xem điều kiện áp dụng cho lựa chọn chỗ nghỉ của bạn.', 'Trẻ em và giường': 'Chính sách trẻ emPhù hợp cho tất cả trẻ em.Để xem thông tin giá và tình trạng phòng trống chính xác, vui lòng thêm số lượng và độ tuổi của trẻ em trong nhóm của bạn khi tìm kiếm.Chính sách nôi (cũi) và giường phụChỗ nghỉ này không có nôi/cũi và giường phụ.', 'Không giới hạn độ tuổi': 'Không có yêu cầu về độ tuổi khi nhận phòng', 'Vật nuôi': 'Vật nuôi không được phép.', 'Chỉ thanh toán bằng tiền mặt': 'Chỗ nghỉ này chỉ chấp nhận thanh toán bằng tiền mặt.', 'Hút thuốc': 'Không cho phép hút thuốc.'}"
